2019-02-26,04:00,55.35,55.47,55.34,55.44,2416.00,399406,55.40
2019-02-26,04:15,55.45,55.46,55.36,55.38,5533.00,399406,55.40
2019-02-26,04:30,55.38,55.41,55.35,55.37,6073.00,399406,55.38
2019-02-26,04:45,55.36,55.40,55.33,55.39,2844.00,399406,55.37
2019-02-26,05:00,55.39,55.42,55.36,55.37,954.00,399406,55.39
2019-02-26,05:15,55.36,55.38,55.34,55.34,977.00,399406,55.36
2019-02-26,05:30,55.34,55.35,55.31,55.33,1023.00,399406,55.33
2019-02-26,05:45,55.34,55.44,55.31,55.43,2024.00,399406,55.37
2019-02-26,07:00,55.46,55.49,55.39,55.42,1062.00,399406,55.45
2019-02-26,07:15,55.42,55.46,55.41,55.44,336.00,399406,55.44
2019-02-26,07:30,55.45,55.46,55.42,55.43,358.00,399406,55.44
2019-02-26,07:45,55.43,55.46,55.41,55.46,326.00,399406,55.43
2019-02-26,08:00,55.45,55.49,55.44,55.47,643.00,399406,55.47
2019-02-26,08:15,55.47,55.52,55.43,55.50,695.00,399406,55.48
2019-02-26,08:30,55.50,55.55,55.45,55.46,1118.00,399406,55.51
2019-02-26,08:45,55.46,55.49,55.39,55.42,1591.00,399406,55.43
2019-02-26,09:00,55.42,55.56,55.42,55.54,2266.00,399406,55.51
2019-02-26,09:15,55.54,55.58,55.42,55.43,1757.00,399406,55.52
2019-02-26,09:30,55.42,55.43,55.16,55.23,5507.00,399406,55.31
2019-02-26,09:45,55.22,55.23,55.05,55.08,6530.00,399406,55.12
2019-02-26,10:00,55.07,55.24,55.02,55.22,5191.00,399406,55.10
2019-02-26,10:15,55.23,55.25,55.17,55.22,1815.00,399406,55.21
2019-02-26,10:30,55.22,55.25,55.17,55.19,2215.00,399406,55.21
2019-02-26,10:45,55.20,55.23,55.17,55.20,1658.00,399406,55.20
2019-02-26,11:00,55.20,55.25,55.17,55.20,1788.00,399406,55.22
2019-02-26,11:15,55.19,55.27,55.16,55.24,1450.00,399302,55.23
2019-02-26,11:30,55.23,55.24,55.16,55.17,911.00,399302,55.21
2019-02-26,11:45,55.18,55.20,55.15,55.15,978.00,399302,55.17
2019-02-26,12:00,55.16,55.17,55.11,55.13,966.00,399302,55.14
2019-02-26,12:15,55.12,55.14,55.08,55.11,1526.00,399302,55.12
2019-02-26,12:30,55.11,55.17,55.10,55.16,818.00,399302,55.13
2019-02-26,12:45,55.15,55.17,55.12,55.17,647.00,399302,55.15
2019-02-26,13:00,55.17,55.22,55.16,55.21,1159.00,399302,55.19
2019-02-26,13:15,55.21,55.24,55.18,55.19,1012.00,399302,55.21
2019-02-26,13:30,55.18,55.23,55.12,55.15,1706.00,399302,55.16
2019-02-26,13:45,55.15,55.22,55.12,55.19,1441.00,399302,55.18
2019-02-26,14:00,55.19,55.29,55.19,55.26,3257.00,399302,55.25
2019-02-26,14:15,55.26,55.28,55.20,55.22,1568.00,399302,55.24
2019-02-26,14:30,55.21,55.24,55.18,55.22,1149.00,399302,55.21
2019-02-26,14:45,55.21,55.30,55.20,55.27,1643.00,399302,55.25
2019-02-26,15:00,55.27,55.32,55.25,55.28,1596.00,399302,55.29
2019-02-26,15:15,55.28,55.31,55.26,55.27,1297.00,399302,55.28
2019-02-26,15:30,55.27,55.35,55.26,55.31,2351.00,399302,55.31
2019-02-26,15:45,55.32,55.33,55.26,55.29,2409.00,399302,55.29
2019-02-26,16:00,55.29,55.29,55.17,55.19,4834.00,399302,55.22
2019-02-26,16:15,55.19,55.25,55.17,55.20,4309.00,399302,55.21
2019-02-26,16:30,55.20,55.38,55.19,55.32,6882.00,399302,55.31
2019-02-26,16:45,55.33,55.42,55.29,55.38,3705.00,399302,55.36
2019-02-26,17:00,55.38,55.43,55.34,55.34,2906.00,399302,55.40
2019-02-26,17:15,55.34,55.43,55.31,55.34,2873.00,399302,55.36
2019-02-26,17:30,55.34,55.58,55.31,55.57,6655.00,399302,55.49
2019-02-26,17:45,55.57,55.57,55.49,55.53,4845.00,399302,55.53
2019-02-26,18:00,55.53,55.62,55.45,55.50,5966.00,399302,55.54
2019-02-26,18:15,55.50,55.65,55.50,55.61,5091.00,399302,55.59
2019-02-26,18:30,55.61,55.63,55.54,55.56,2647.00,399302,55.58
2019-02-26,18:45,55.56,55.58,55.50,55.53,2331.00,399302,55.54
2019-02-26,19:00,55.52,55.52,55.41,55.44,4492.00,399302,55.46
2019-02-26,19:15,55.44,55.46,55.35,55.40,4104.00,399302,55.40
2019-02-26,19:30,55.40,55.54,55.27,55.50,7872.00,399302,55.38
2019-02-26,19:45,55.50,55.56,55.44,55.46,5099.00,399302,55.50
2019-02-26,20:00,55.46,55.55,55.41,55.49,3885.00,399302,55.48
2019-02-26,20:15,55.49,55.74,55.46,55.68,9746.00,399302,55.63
2019-02-26,20:30,55.68,55.71,55.63,55.65,5061.00,399302,55.67
2019-02-26,20:45,55.64,55.76,55.64,55.71,7201.00,399302,55.71
2019-02-26,21:00,55.72,55.73,55.58,55.61,8211.00,399302,55.63
2019-02-26,21:15,55.61,55.71,55.61,55.70,3343.00,399302,55.66
2019-02-26,21:30,55.71,55.73,55.54,55.54,7424.00,399302,55.63
2019-02-26,21:45,55.54,55.65,55.47,55.55,10188.00,399302,55.54
2019-02-26,22:00,55.55,55.65,55.22,55.24,22467.00,399302,55.46
2019-02-26,22:15,55.24,55.57,55.22,55.55,18938.00,387301,55.38
2019-02-26,22:30,55.55,55.85,55.54,55.73,29634.00,387301,55.72
2019-02-26,22:45,55.73,55.79,55.58,55.69,15641.00,387301,55.69
2019-02-26,23:00,55.69,55.75,55.34,55.44,23515.00,387301,55.56
2019-02-26,23:15,55.45,55.85,55.38,55.46,33378.00,387301,55.56
2019-02-26,23:30,55.45,55.68,55.45,55.64,11491.00,387301,55.58
2019-02-26,23:45,55.64,55.71,55.56,55.59,9337.00,387301,55.64
2019-02-27,00:00,55.59,55.83,55.53,55.82,12495.00,387301,55.71
2019-02-27,00:15,55.81,55.99,55.73,55.78,23918.00,387301,55.88
2019-02-27,00:30,55.78,55.89,55.69,55.73,11456.00,387301,55.79
2019-02-27,00:45,55.73,55.88,55.71,55.88,7543.00,387301,55.80
2019-02-27,01:00,55.87,55.90,55.76,55.81,7732.00,387301,55.84
2019-02-27,01:15,55.81,55.86,55.77,55.80,3409.00,387301,55.82
2019-02-27,01:30,55.80,55.82,55.51,55.62,11477.00,387301,55.65
2019-02-27,01:45,55.62,55.64,55.41,55.48,6692.00,387301,55.54
2019-02-27,02:00,55.47,55.53,55.43,55.47,5520.00,387301,55.48
2019-02-27,02:15,55.48,55.51,55.42,55.45,6217.00,387301,55.47
2019-02-27,02:30,55.44,55.46,55.36,55.39,6479.00,387301,55.41
2019-02-27,02:45,55.40,55.43,55.27,55.42,8348.00,387301,55.35
2019-02-27,03:00,55.42,55.53,55.41,55.51,6299.00,387301,55.47
2019-02-27,03:15,55.51,55.56,55.38,55.55,25002.00,387301,55.48
2019-02-27,03:30,55.55,55.67,55.55,55.62,6822.00,387301,55.61
2019-02-27,03:45,55.62,55.68,55.61,55.68,2468.00,387301,55.63
2019-02-27,04:00,55.68,55.71,55.65,55.67,2331.00,387301,55.68
2019-02-27,04:15,55.68,55.71,55.65,55.67,1533.00,387301,55.68
2019-02-27,04:30,55.66,55.71,55.64,55.66,1287.00,387301,55.68
2019-02-27,04:45,55.65,55.68,55.63,55.67,1574.00,387301,55.65
2019-02-27,05:00,55.66,55.68,55.64,55.64,570.00,387301,55.66
2019-02-27,05:15,55.64,55.66,55.54,55.56,1038.00,387301,55.60
2019-02-27,05:30,55.55,56.08,55.54,55.97,9440.00,387301,55.96
2019-02-27,05:45,55.97,56.05,55.96,55.99,2296.00,387301,56.00
2019-02-27,07:00,55.95,56.00,55.91,55.94,1591.00,387301,55.96
2019-02-27,07:15,55.95,55.98,55.92,55.94,902.00,387301,55.95
2019-02-27,07:30,55.94,56.01,55.92,55.99,1021.00,387301,55.96
2019-02-27,07:45,55.99,56.05,55.99,56.03,921.00,387301,56.02
2019-02-27,08:00,56.02,56.07,55.99,55.99,973.00,387301,56.03
2019-02-27,08:15,55.99,55.99,55.94,55.96,529.00,387301,55.96
2019-02-27,08:30,55.96,56.03,55.96,56.02,503.00,387301,56.01
2019-02-27,11:45,56.00,56.02,55.89,55.93,1793.00,394001,55.94
2019-02-27,12:00,55.93,55.98,55.90,55.97,756.00,394001,55.94
2019-02-27,12:15,55.97,55.99,55.93,55.97,625.00,394001,55.96
2019-02-27,12:30,55.96,56.00,55.96,56.00,528.00,394001,55.98
2019-02-27,12:45,55.99,55.99,55.94,55.94,489.00,394001,55.97
2019-02-27,13:00,55.94,56.02,55.93,56.00,696.00,394001,55.98
2019-02-27,13:15,56.00,56.06,55.99,56.04,1641.00,394001,56.03
2019-02-27,13:30,56.04,56.09,56.00,56.01,1411.00,394001,56.04
2019-02-27,13:45,56.01,56.03,55.97,55.99,976.00,394001,55.99
2019-02-27,14:00,55.99,56.02,55.96,55.98,697.00,394001,55.99
2019-02-27,14:15,55.98,56.05,55.93,55.95,2149.00,394001,55.99
2019-02-27,14:30,55.95,55.95,55.77,55.81,4337.00,394001,55.83
2019-02-27,14:45,55.82,55.90,55.78,55.87,2512.00,394001,55.85
2019-02-27,15:00,55.88,55.90,55.83,55.90,1449.00,394001,55.87
2019-02-27,15:15,55.90,55.97,55.89,55.94,2746.00,394001,55.93
2019-02-27,15:30,55.93,55.94,55.90,55.91,1509.00,394001,55.92
2019-02-27,15:45,55.90,55.96,55.87,55.92,1856.00,394001,55.90
2019-02-27,16:00,55.92,55.97,55.86,55.92,3383.00,394001,55.91
2019-02-27,16:15,55.92,55.94,55.81,55.91,4487.00,394001,55.87
2019-02-27,16:30,55.91,55.93,55.83,55.88,3191.00,394001,55.87
2019-02-27,16:45,55.88,55.93,55.72,55.77,5580.00,394001,55.79
2019-02-27,17:00,55.76,55.82,55.75,55.76,2644.00,394001,55.78
2019-02-27,17:15,55.75,56.17,55.72,56.11,12500.00,394001,56.02
2019-02-27,17:30,56.10,56.18,56.07,56.09,4526.00,394001,56.13
2019-02-27,17:45,56.09,56.21,56.08,56.17,3585.00,394001,56.16
2019-02-27,18:00,56.17,56.28,56.11,56.24,5977.00,394001,56.20
2019-02-27,18:15,56.24,56.29,56.11,56.14,4360.00,394001,56.20
2019-02-27,18:30,56.14,56.24,56.07,56.19,5039.00,394001,56.16
2019-02-27,18:45,56.19,56.26,56.18,56.22,4839.00,394001,56.22
2019-02-27,19:00,56.23,56.44,56.22,56.40,9042.00,394001,56.34
2019-02-27,19:15,56.40,56.45,56.38,56.40,4691.00,394001,56.42
2019-02-27,19:30,56.40,56.53,56.40,56.50,5861.00,394001,56.46
2019-02-27,19:45,56.49,56.59,56.49,56.56,5669.00,394001,56.54
2019-02-27,20:00,56.57,56.65,56.51,56.56,6805.00,394001,56.57
2019-02-27,20:15,56.55,56.60,56.50,56.54,4597.00,394001,56.54
2019-02-27,20:30,56.54,56.63,56.50,56.57,5397.00,394001,56.57
2019-02-27,20:45,56.57,56.88,56.57,56.78,11128.00,394001,56.70
2019-02-27,21:00,56.78,56.84,56.74,56.78,12599.00,394001,56.78
2019-02-27,21:15,56.78,56.80,56.64,56.72,9306.00,394001,56.71
2019-02-27,21:30,56.72,56.74,56.64,56.64,9400.00,394001,56.70
2019-02-27,21:45,56.64,56.68,56.57,56.62,6306.00,394001,56.63
2019-02-27,22:00,56.63,56.77,56.54,56.68,17524.00,394001,56.66
2019-02-27,22:15,56.69,56.74,56.56,56.63,11503.00,394001,56.65
2019-02-27,22:30,56.64,56.80,56.58,56.65,17857.00,394001,56.70
2019-02-27,22:45,56.65,56.69,56.41,56.55,16374.00,382166,56.51
2019-02-27,23:00,56.55,56.65,56.35,56.42,18956.00,382166,56.49
2019-02-27,23:15,56.43,56.54,56.31,56.54,12359.00,382166,56.39
2019-02-27,23:30,56.54,57.14,56.50,57.06,59195.00,382166,56.90
2019-02-27,23:45,57.07,57.19,56.97,57.16,26869.00,382166,57.08
2019-02-28,00:00,57.16,57.39,57.13,57.37,30329.00,382166,57.28
2019-02-28,00:15,57.38,57.39,57.21,57.22,20561.00,382166,57.31
2019-02-28,00:30,57.21,57.37,57.08,57.10,17078.00,382166,57.24
2019-02-28,00:45,57.11,57.33,57.08,57.31,14461.00,382166,57.20
2019-02-28,01:00,57.31,57.31,57.20,57.20,7196.00,382166,57.27
2019-02-28,01:15,57.20,57.29,57.20,57.24,5696.00,382166,57.25
2019-02-28,01:30,57.24,57.36,57.24,57.25,8094.00,382166,57.30
2019-02-28,01:45,57.24,57.27,57.18,57.24,5976.00,382166,57.23
2019-02-28,02:00,57.24,57.32,57.20,57.32,6085.00,382166,57.25
2019-02-28,02:15,57.31,57.34,57.26,57.28,5578.00,382166,57.30
2019-02-28,02:30,57.29,57.31,57.19,57.20,5525.00,382166,57.25
2019-02-28,02:45,57.20,57.21,57.11,57.16,7697.00,382166,57.15
2019-02-28,03:00,57.15,57.17,57.06,57.09,9578.00,382166,57.10
2019-02-28,03:15,57.08,57.08,56.91,56.96,27626.00,382166,56.98
2019-02-28,03:30,56.96,56.99,56.90,56.94,7703.00,382166,56.95
2019-02-28,03:45,56.95,56.96,56.90,56.92,2286.00,382166,56.93
2019-02-28,04:00,56.92,56.95,56.91,56.92,1755.00,382166,56.93
2019-02-28,04:15,56.92,56.98,56.92,56.97,1960.00,382166,56.95
2019-02-28,04:30,56.97,57.08,56.96,56.99,3161.00,382166,57.02
2019-02-28,04:45,56.99,57.04,56.95,56.96,1876.00,382166,56.99
2019-02-28,05:00,56.96,57.01,56.95,56.98,1101.00,382166,56.97
2019-02-28,05:15,56.98,56.99,56.96,56.99,997.00,382166,56.97
2019-02-28,05:30,56.98,57.04,56.98,57.02,987.00,382166,57.01
2019-02-28,05:45,57.03,57.03,56.96,56.98,1530.00,382166,57.00
2019-02-28,07:00,57.00,57.01,56.95,56.97,474.00,382166,56.97
2019-02-28,07:15,56.98,57.01,56.97,57.01,441.00,382166,56.99
2019-02-28,07:30,57.01,57.02,56.93,57.00,814.00,382166,56.98
2019-02-28,07:45,57.00,57.01,56.98,56.98,232.00,382166,56.99
2019-02-28,08:00,56.98,56.99,56.93,56.96,611.00,382166,56.96
2019-02-28,08:15,56.96,57.01,56.94,56.99,380.00,382166,56.98
2019-02-28,08:30,57.00,57.04,56.97,56.99,593.00,382166,57.01
2019-02-28,08:45,56.98,57.01,56.96,56.96,554.00,382166,56.99
2019-02-28,09:00,56.96,57.03,56.94,56.99,1648.00,382166,56.98
2019-02-28,09:15,56.99,56.99,56.88,56.89,1823.00,382166,56.92
2019-02-28,09:30,56.89,56.97,56.89,56.94,973.00,382166,56.93
2019-02-28,09:45,56.94,57.00,56.94,57.00,641.00,382166,56.97
2019-02-28,10:00,56.99,57.01,56.92,56.92,1239.00,382166,56.96
2019-02-28,10:15,56.92,56.98,56.92,56.98,453.00,382166,56.96
2019-02-28,10:30,56.98,56.98,56.94,56.95,861.00,382166,56.95
2019-02-28,10:45,56.94,56.95,56.90,56.91,1164.00,393210,56.92
2019-02-28,11:00,56.91,56.93,56.88,56.93,886.00,393210,56.91
2019-02-28,11:15,56.93,56.96,56.91,56.91,864.00,393210,56.94
2019-02-28,11:30,56.91,56.94,56.91,56.91,457.00,393210,56.93
2019-02-28,11:45,56.91,56.93,56.91,56.92,315.00,393210,56.92
2019-02-28,12:00,56.92,56.94,56.89,56.90,402.00,393210,56.92
2019-02-28,12:15,56.90,56.92,56.89,56.89,210.00,393210,56.91
2019-02-28,12:30,56.90,56.91,56.89,56.91,265.00,393210,56.90
2019-02-28,12:45,56.91,56.91,56.88,56.89,322.00,393210,56.89
2019-02-28,13:00,56.88,56.92,56.86,56.90,669.00,393210,56.89
2019-02-28,13:15,56.90,56.92,56.86,56.88,559.00,393210,56.89
2019-02-28,13:30,56.88,56.89,56.84,56.86,1044.00,393210,56.86
2019-02-28,13:45,56.85,56.87,56.80,56.80,1152.00,393210,56.83
2019-02-28,14:00,56.80,56.86,56.79,56.84,1287.00,393210,56.83
2019-02-28,14:15,56.84,56.87,56.74,56.77,1859.00,393210,56.80
2019-02-28,14:30,56.76,56.78,56.73,56.76,1142.00,393210,56.76
2019-02-28,14:45,56.76,56.81,56.75,56.78,1445.00,393210,56.79
2019-02-28,15:00,56.78,56.80,56.72,56.76,1931.00,393210,56.75
2019-02-28,15:15,56.75,56.75,56.71,56.73,1858.00,393210,56.73
2019-02-28,15:30,56.73,56.78,56.68,56.77,2503.00,393210,56.73
2019-02-28,15:45,56.77,56.79,56.69,56.70,2933.00,393210,56.74
2019-02-28,16:00,56.71,56.73,56.63,56.71,3713.00,393210,56.68
2019-02-28,16:15,56.71,56.75,56.67,56.71,4947.00,393210,56.71
2019-02-28,16:30,56.71,56.86,56.61,56.86,6480.00,393210,56.73
2019-02-28,16:45,56.85,56.87,56.74,56.76,4285.00,393210,56.80
2019-02-28,17:00,56.76,56.76,56.65,56.67,4341.00,393210,56.69
2019-02-28,17:15,56.67,56.78,56.61,56.72,4636.00,393210,56.70
2019-02-28,17:30,56.71,56.72,56.49,56.51,9422.00,393210,56.55
2019-02-28,17:45,56.52,56.58,56.51,56.54,2599.00,393210,56.55
2019-02-28,18:00,56.55,56.60,56.43,56.55,6104.00,393210,56.50
2019-02-28,18:15,56.55,56.67,56.51,56.62,3897.00,393210,56.58
2019-02-28,18:30,56.62,56.67,56.55,56.58,2471.00,393210,56.60
2019-02-28,18:45,56.58,56.61,56.51,56.54,2367.00,393210,56.56
2019-02-28,19:00,56.54,56.62,56.53,56.57,3165.00,393210,56.58
2019-02-28,19:15,56.56,56.60,56.54,56.58,1950.00,393210,56.57
2019-02-28,19:30,56.58,56.74,56.58,56.73,5375.00,393210,56.67
2019-02-28,19:45,56.73,56.83,56.71,56.81,6329.00,393210,56.77
2019-02-28,20:00,56.81,56.85,56.74,56.77,4362.00,393210,56.79
2019-02-28,20:15,56.78,56.84,56.77,56.79,3261.00,393210,56.81
2019-02-28,20:30,56.78,56.97,56.68,56.91,10687.00,393210,56.85
2019-02-28,20:45,56.91,56.94,56.87,56.91,3706.00,393210,56.90
2019-02-28,21:00,56.91,56.99,56.82,56.85,7547.00,393210,56.92
2019-02-28,21:15,56.84,56.90,56.82,56.83,3511.00,393210,56.85
2019-02-28,21:30,56.83,56.96,56.81,56.89,5962.00,393210,56.89
2019-02-28,21:45,56.88,57.06,56.84,56.95,12274.00,393210,56.96
2019-02-28,22:00,56.96,57.15,56.96,57.09,20106.00,393210,57.08
2019-02-28,22:15,57.09,57.16,57.03,57.06,15945.00,393210,57.10
2019-02-28,22:30,57.06,57.07,56.83,56.98,16117.00,383252,56.96
2019-02-28,22:45,56.98,57.26,56.96,56.99,22822.00,383252,57.13
2019-02-28,23:00,56.99,57.04,56.72,56.91,30819.00,383252,56.85
2019-02-28,23:15,56.91,57.10,56.90,57.07,17693.00,383252,57.01
2019-02-28,23:30,57.07,57.43,57.06,57.22,32111.00,383252,57.27
2019-02-28,23:45,57.22,57.23,56.98,57.10,14772.00,383252,57.09
2019-03-01,00:00,57.10,57.20,57.05,57.11,13015.00,383252,57.13
2019-03-01,00:15,57.11,57.25,57.01,57.07,17829.00,383252,57.14
2019-03-01,00:30,57.07,57.22,56.99,57.10,11859.00,383252,57.12
2019-03-01,00:45,57.09,57.15,57.02,57.07,9656.00,383252,57.09
2019-03-01,01:00,57.06,57.22,57.04,57.18,7312.00,383252,57.13
2019-03-01,01:15,57.18,57.30,57.16,57.22,7665.00,383252,57.24
2019-03-01,01:30,57.22,57.24,57.14,57.20,6692.00,383252,57.18
2019-03-01,01:45,57.20,57.24,57.12,57.14,4148.00,383252,57.16
2019-03-01,02:00,57.14,57.20,57.12,57.12,3560.00,383252,57.16
2019-03-01,02:15,57.12,57.18,57.07,57.18,4059.00,383252,57.11
2019-03-01,02:30,57.18,57.26,57.09,57.10,5459.00,383252,57.17
2019-03-01,02:45,57.10,57.11,56.89,56.91,8023.00,383252,57.00
2019-03-01,03:00,56.91,57.10,56.87,57.06,11313.00,383252,56.98
2019-03-01,03:15,57.05,57.25,56.99,57.20,23012.00,383252,57.14
2019-03-01,03:30,57.20,57.27,57.19,57.23,8348.00,383252,57.23
2019-03-01,03:45,57.22,57.27,57.21,57.24,2536.00,383252,57.24
2019-03-01,04:00,57.24,57.25,57.21,57.22,1940.00,383252,57.23
2019-03-01,04:15,57.22,57.23,57.20,57.23,1703.00,383252,57.22
2019-03-01,04:30,57.22,57.23,57.17,57.19,1357.00,383252,57.20
2019-03-01,04:45,57.19,57.23,57.18,57.22,1334.00,383252,57.21
2019-03-01,05:00,57.22,57.27,57.20,57.26,3725.00,383252,57.22
2019-03-01,05:15,57.26,57.29,57.24,57.26,964.00,383252,57.26
2019-03-01,05:30,57.26,57.28,57.25,57.28,457.00,383252,57.26
2019-03-01,05:45,57.27,57.29,57.25,57.25,1212.00,383252,57.27
2019-03-01,07:00,57.22,57.24,57.15,57.19,1019.00,383252,57.19
2019-03-01,07:15,57.18,57.20,57.16,57.19,333.00,383252,57.18
2019-03-01,07:30,57.18,57.22,57.18,57.22,336.00,383252,57.21
2019-03-01,07:45,57.22,57.22,57.20,57.20,356.00,383252,57.21
2019-03-01,08:00,57.19,57.33,57.19,57.32,973.00,383252,57.27
2019-03-01,08:15,57.32,57.34,57.29,57.33,844.00,383252,57.32
2019-03-01,08:30,57.34,57.37,57.33,57.35,743.00,383252,57.34
2019-03-01,08:45,57.35,57.46,57.34,57.38,1936.00,383252,57.40
2019-03-01,09:00,57.38,57.59,57.38,57.48,3685.00,383252,57.48
2019-03-01,09:15,57.49,57.50,57.43,57.45,998.00,383252,57.45
2019-03-01,09:30,57.46,57.47,57.37,57.42,1712.00,383252,57.41
2019-03-01,09:45,57.43,57.46,57.37,57.38,1295.00,383252,57.42
2019-03-01,10:00,57.38,57.41,57.37,57.40,882.00,383252,57.39
2019-03-01,10:15,57.40,57.40,57.34,57.35,820.00,383252,57.37
2019-03-01,10:30,57.35,57.44,57.35,57.43,1165.00,383252,57.39
2019-03-01,10:45,57.43,57.45,57.38,57.43,1234.00,394098,57.41
2019-03-01,11:00,57.44,57.48,57.42,57.45,2213.00,394098,57.45
2019-03-01,11:15,57.45,57.48,57.44,57.46,998.00,394098,57.46
2019-03-01,11:30,57.47,57.47,57.42,57.43,685.00,394098,57.44
2019-03-01,11:45,57.41,57.44,57.39,57.44,842.00,394098,57.42
2019-03-01,12:00,57.44,57.45,57.40,57.41,345.00,394098,57.42
2019-03-01,12:15,57.41,57.43,57.39,57.39,644.00,394098,57.40
2019-03-01,12:30,57.40,57.43,57.39,57.41,294.00,394098,57.41
2019-03-01,12:45,57.41,57.41,57.38,57.39,338.00,394098,57.39
2019-03-01,13:00,57.38,57.40,57.37,57.39,421.00,394098,57.39
2019-03-01,13:15,57.39,57.45,57.39,57.45,627.00,394098,57.43
2019-03-01,13:30,57.45,57.48,57.41,57.47,829.00,394098,57.45
2019-03-01,13:45,57.47,57.55,57.46,57.54,2567.00,394098,57.51
2019-03-01,14:00,57.54,57.70,57.52,57.67,5282.00,394098,57.62
2019-03-01,14:15,57.67,57.69,57.61,57.64,1644.00,394098,57.65
2019-03-01,14:30,57.64,57.70,57.61,57.66,1789.00,394098,57.65
2019-03-01,14:45,57.66,57.88,57.65,57.77,5167.00,394098,57.76
2019-03-01,15:00,57.77,57.79,57.71,57.72,2066.00,394098,57.74
2019-03-01,15:15,57.72,57.74,57.67,57.68,1718.00,394098,57.70
2019-03-01,15:30,57.69,57.73,57.62,57.63,2303.00,394098,57.67
2019-03-01,15:45,57.64,57.69,57.62,57.67,2506.00,394098,57.66
2019-03-01,16:00,57.67,57.72,57.62,57.66,3224.00,394098,57.68
2019-03-01,16:15,57.66,57.68,57.58,57.63,4014.00,394098,57.62
2019-03-01,16:30,57.63,57.70,57.55,57.58,4616.00,394098,57.62
2019-03-01,16:45,57.58,57.80,57.58,57.70,5431.00,394098,57.72
2019-03-01,17:00,57.70,57.74,57.55,57.59,3874.00,394098,57.61
2019-03-01,17:15,57.59,57.60,57.48,57.57,4691.00,394098,57.53
2019-03-01,17:30,57.57,57.61,57.43,57.44,5120.00,394098,57.53
2019-03-01,17:45,57.44,57.53,57.41,57.46,4357.00,394098,57.47
2019-03-01,18:00,57.46,57.48,57.33,57.35,5105.00,394098,57.39
2019-03-01,18:15,57.35,57.36,57.26,57.28,5243.00,394098,57.32
2019-03-01,18:30,57.29,57.32,57.20,57.27,5410.00,394098,57.25
2019-03-01,18:45,57.27,57.41,57.22,57.37,5946.00,394098,57.33
2019-03-01,19:00,57.38,57.40,57.32,57.36,2889.00,394098,57.35
2019-03-01,19:15,57.35,57.37,57.31,57.32,2597.00,394098,57.33
2019-03-01,19:30,57.32,57.47,57.32,57.44,4730.00,394098,57.43
2019-03-01,19:45,57.43,57.44,57.39,57.41,2149.00,394098,57.42
2019-03-01,20:00,57.42,57.44,57.32,57.37,3980.00,394098,57.36
2019-03-01,20:15,57.37,57.39,57.32,57.35,2829.00,394098,57.36
2019-03-01,20:30,57.35,57.42,57.35,57.39,2454.00,394098,57.38
2019-03-01,20:45,57.39,57.40,57.27,57.28,3844.00,394098,57.33
2019-03-01,21:00,57.29,57.58,57.23,57.39,17938.00,394098,57.40
2019-03-01,21:15,57.39,57.39,57.05,57.15,14365.00,394098,57.17
2019-03-01,21:30,57.15,57.15,57.01,57.08,10104.00,394098,57.08
2019-03-01,21:45,57.08,57.13,56.98,57.02,8917.00,394098,57.06
2019-03-01,22:00,57.02,57.18,56.88,56.99,24786.00,394098,57.04
2019-03-01,22:15,57.00,57.26,56.88,57.20,21665.00,377617,57.08
2019-03-01,22:30,57.20,57.50,57.20,57.46,23603.00,377617,57.37
2019-03-01,22:45,57.47,57.56,57.40,57.48,14195.00,377617,57.48
2019-03-01,23:00,57.47,57.58,57.28,57.37,17696.00,377617,57.42
2019-03-01,23:15,57.36,57.43,56.93,57.02,28940.00,377617,57.17
2019-03-01,23:30,57.01,57.03,56.25,56.51,63183.00,377617,56.54
2019-03-01,23:45,56.52,56.67,56.43,56.66,19223.00,377617,56.54
2019-03-02,00:00,56.66,56.66,56.06,56.11,28548.00,377617,56.30
2019-03-02,00:15,56.12,56.45,56.07,56.28,31829.00,377617,56.26
2019-03-02,00:30,56.28,56.34,56.15,56.22,16424.00,377617,56.24
2019-03-02,00:45,56.21,56.21,55.57,55.74,41536.00,377617,55.85
2019-03-02,01:00,55.74,55.86,55.65,55.82,16769.00,377617,55.77
2019-03-02,01:15,55.82,55.90,55.77,55.81,9952.00,377617,55.83
2019-03-02,01:30,55.81,55.89,55.67,55.69,9105.00,377617,55.79
2019-03-02,01:45,55.70,55.84,55.69,55.83,9644.00,377617,55.76
2019-03-02,02:00,55.83,55.92,55.74,55.89,8587.00,377617,55.83
2019-03-02,02:15,55.90,56.03,55.83,55.83,8570.00,377617,55.93
2019-03-02,02:30,55.84,55.98,55.82,55.96,8316.00,377617,55.92
2019-03-02,02:45,55.96,55.98,55.76,55.83,10673.00,377617,55.87
2019-03-02,03:00,55.82,55.98,55.78,55.90,10102.00,377617,55.89
2019-03-02,03:15,55.90,56.00,55.74,55.82,30540.00,377617,55.86
2019-03-02,03:30,55.81,55.87,55.74,55.78,7620.00,377617,55.79
2019-03-02,03:45,55.78,55.79,55.66,55.70,4899.00,377617,55.72
2019-03-02,04:00,55.70,55.75,55.68,55.74,2142.00,377617,55.72
2019-03-02,04:15,55.74,55.78,55.72,55.77,1579.00,377617,55.75
2019-03-02,04:30,55.77,55.83,55.75,55.82,1438.00,377617,55.78
2019-03-02,04:45,55.83,55.84,55.77,55.81,1651.00,377617,55.79
2019-03-02,05:00,55.80,55.80,55.74,55.75,1559.00,377617,55.76
2019-03-02,05:15,55.76,55.76,55.73,55.73,713.00,377617,55.75
2019-03-02,05:30,55.73,55.76,55.72,55.73,752.00,377617,55.74
2019-03-02,05:45,55.75,55.80,55.71,55.75,1754.00,377617,55.75
2019-03-04,07:00,55.83,56.17,55.83,56.14,3770.00,377617,56.03
2019-03-04,07:15,56.15,56.30,56.13,56.23,2180.00,377617,56.22
2019-03-04,07:30,56.22,56.22,56.03,56.08,1660.00,379992,56.13
2019-03-04,07:45,56.08,56.11,55.93,56.01,1845.00,379992,56.03
2019-03-04,08:00,56.01,56.04,55.93,56.03,2041.00,379992,55.99
2019-03-04,08:15,56.02,56.07,55.99,56.06,601.00,379992,56.03
2019-03-04,08:30,56.07,56.07,56.02,56.04,745.00,379992,56.05
2019-03-04,08:45,56.05,56.07,55.98,56.05,1874.00,379992,56.02
2019-03-04,09:00,56.06,56.13,56.00,56.12,2543.00,379992,56.08
2019-03-04,09:15,56.13,56.16,56.09,56.14,1580.00,379992,56.13
2019-03-04,09:30,56.15,56.16,56.08,56.09,1595.00,379992,56.12
2019-03-04,09:45,56.09,56.09,56.01,56.06,1348.00,379992,56.05
2019-03-04,10:00,56.07,56.12,56.06,56.11,893.00,379992,56.08
2019-03-04,10:15,56.11,56.12,56.08,56.11,783.00,379992,56.11
2019-03-04,10:30,56.12,56.14,56.10,56.13,1036.00,379992,56.12
2019-03-04,10:45,56.13,56.13,56.04,56.05,1068.00,379992,56.08
2019-03-04,11:00,56.05,56.09,56.03,56.06,814.00,379992,56.06
2019-03-04,11:15,56.06,56.08,56.02,56.02,1109.00,379992,56.05
2019-03-04,11:30,56.03,56.06,56.00,56.03,1036.00,379992,56.03
2019-03-04,11:45,56.03,56.08,56.02,56.06,849.00,379992,56.05
2019-03-04,12:00,56.07,56.09,56.06,56.06,497.00,379992,56.08
2019-03-04,12:15,56.07,56.10,56.06,56.09,743.00,379992,56.09
2019-03-04,12:30,56.10,56.10,56.06,56.07,442.00,379992,56.08
2019-03-04,12:45,56.07,56.08,56.05,56.08,244.00,379992,56.07
2019-03-04,13:00,56.08,56.13,56.05,56.06,716.00,379992,56.09
2019-03-04,13:15,56.06,56.08,55.96,55.99,1281.00,379992,56.02
2019-03-04,13:30,55.99,56.01,55.87,55.93,3074.00,379992,55.93
2019-03-04,13:45,55.93,56.03,55.93,55.99,1527.00,379992,55.99
2019-03-04,14:00,55.99,56.02,55.96,56.00,1098.00,379992,55.99
2019-03-04,14:15,56.00,56.05,55.94,56.04,1417.00,379992,55.99
2019-03-04,14:30,56.04,56.04,55.98,56.01,1204.00,379992,56.01
2019-03-04,14:45,56.01,56.04,55.97,56.02,1012.00,379992,56.00
2019-03-04,15:00,56.02,56.02,55.92,55.95,1458.00,379992,55.95
2019-03-04,15:15,55.94,55.96,55.89,55.92,1777.00,379992,55.91
2019-03-04,15:30,55.92,55.98,55.90,55.95,1618.00,379992,55.93
2019-03-04,15:45,55.96,55.96,55.87,55.94,2422.00,379992,55.91
2019-03-04,16:00,55.94,55.95,55.81,55.86,4609.00,379992,55.87
2019-03-04,16:15,55.86,56.07,55.86,56.02,6693.00,379992,55.98
2019-03-04,16:30,56.02,56.10,56.00,56.03,4215.00,379992,56.05
2019-03-04,16:45,56.03,56.21,56.02,56.16,7059.00,379992,56.14
2019-03-04,17:00,56.16,56.28,56.16,56.24,4503.00,379992,56.23
2019-03-04,17:15,56.23,56.30,56.16,56.27,5283.00,379992,56.23
2019-03-04,17:30,56.28,56.32,56.24,56.27,4411.00,379992,56.28
2019-03-04,17:45,56.27,56.37,56.18,56.31,8099.00,379992,56.27
2019-03-04,18:00,56.31,56.37,56.26,56.31,4349.00,379992,56.32
2019-03-04,18:15,56.31,56.36,56.29,56.29,5089.00,379992,56.32
2019-03-04,18:30,56.29,56.42,56.28,56.33,4838.00,379992,56.36
2019-03-04,18:45,56.34,56.34,56.28,56.31,2447.00,379992,56.31
2019-03-04,19:00,56.30,56.32,56.17,56.23,5246.00,379992,56.23
2019-03-04,19:15,56.23,56.23,56.10,56.16,5004.00,379992,56.15
2019-03-04,19:30,56.17,56.18,56.08,56.16,3707.00,379992,56.13
2019-03-04,19:45,56.17,56.18,56.04,56.09,4016.00,379992,56.10
2019-03-04,20:00,56.08,56.22,56.04,56.21,6957.00,379992,56.13
2019-03-04,20:15,56.21,56.32,56.18,56.31,6173.00,379992,56.24
2019-03-04,20:30,56.31,56.34,56.22,56.27,7426.00,379992,56.27
2019-03-04,20:45,56.27,56.30,56.19,56.30,6109.00,379992,56.25
2019-03-04,21:00,56.29,56.37,56.22,56.37,5472.00,379992,56.31
2019-03-04,21:15,56.37,56.55,56.37,56.43,14392.00,379992,56.48
2019-03-04,21:30,56.43,56.52,56.39,56.49,7515.00,379992,56.47
2019-03-04,21:45,56.50,56.55,56.41,56.44,5833.00,379992,56.49
2019-03-04,22:00,56.45,56.64,56.42,56.51,14807.00,379992,56.53
2019-03-04,22:15,56.51,56.71,56.49,56.67,19910.00,368105,56.63
2019-03-04,22:30,56.66,56.98,56.66,56.96,25130.00,368105,56.84
2019-03-04,22:45,56.96,57.00,56.72,56.87,22114.00,368105,56.86
2019-03-04,23:00,56.87,56.93,56.75,56.86,17595.00,368105,56.82
2019-03-04,23:15,56.86,56.93,56.65,56.78,18371.00,368105,56.78
2019-03-04,23:30,56.78,56.85,56.67,56.73,13388.00,368105,56.77
2019-03-04,23:45,56.74,56.82,56.59,56.68,14485.00,368105,56.70
2019-03-05,00:00,56.67,56.78,56.52,56.56,16019.00,368105,56.65
2019-03-05,00:15,56.56,56.69,56.50,56.60,17768.00,368105,56.61
2019-03-05,00:30,56.59,56.64,56.16,56.17,24648.00,368105,56.42
2019-03-05,00:45,56.16,56.39,56.15,56.33,16000.00,368105,56.30
2019-03-05,01:00,56.33,56.38,56.11,56.14,10764.00,368105,56.25
2019-03-05,01:15,56.15,56.16,55.96,56.12,14867.00,368105,56.08
2019-03-05,01:30,56.11,56.24,56.09,56.19,9159.00,368105,56.17
2019-03-05,01:45,56.19,56.22,56.06,56.15,7178.00,368105,56.14
2019-03-05,02:00,56.15,56.16,55.92,56.03,10190.00,368105,56.00
2019-03-05,02:15,56.04,56.18,56.00,56.17,8212.00,368105,56.11
2019-03-05,02:30,56.17,56.18,56.09,56.17,3816.00,368105,56.14
2019-03-05,02:45,56.17,56.37,56.12,56.35,8513.00,368105,56.26
2019-03-05,03:00,56.35,56.39,56.22,56.29,11179.00,368105,56.30
2019-03-05,03:15,56.29,56.63,56.22,56.53,17692.00,368105,56.47
2019-03-05,03:30,56.53,56.56,56.47,56.52,6591.00,368105,56.51
2019-03-05,03:45,56.52,56.55,56.47,56.48,3009.00,368105,56.51
2019-03-05,04:00,56.47,56.48,56.44,56.45,1698.00,368105,56.46
2019-03-05,04:15,56.45,56.49,56.43,56.47,1579.00,368105,56.45
2019-03-05,04:30,56.48,56.53,56.47,56.51,1569.00,368105,56.50
2019-03-05,04:45,56.52,56.55,56.48,56.51,1373.00,368105,56.51
2019-03-05,05:00,56.51,56.52,56.45,56.47,771.00,368105,56.49
2019-03-05,05:15,56.47,56.48,56.44,56.45,550.00,368105,56.46
2019-03-05,05:30,56.45,56.46,56.41,56.42,953.00,368105,56.43
2019-03-05,05:45,56.43,56.46,56.41,56.45,1843.00,368105,56.44
2019-03-05,07:00,56.45,56.47,56.37,56.43,920.00,368105,56.42
2019-03-05,07:15,56.43,56.51,56.42,56.47,914.00,368105,56.48
2019-03-05,07:30,56.48,56.49,56.44,56.47,434.00,368105,56.46
2019-03-05,07:45,56.46,56.47,56.41,56.43,365.00,368105,56.43
2019-03-05,08:00,56.43,56.44,56.35,56.36,872.00,368105,56.38
2019-03-05,08:15,56.36,56.43,56.35,56.42,562.00,368105,56.40
2019-03-05,08:30,56.42,56.43,56.39,56.40,341.00,368105,56.41
2019-03-05,08:45,56.39,56.40,56.35,56.38,352.00,368105,56.38
2019-03-05,09:00,56.38,56.48,56.38,56.45,1959.00,368105,56.43
2019-03-05,09:15,56.45,56.47,56.39,56.41,946.00,368105,56.43
2019-03-05,09:30,56.41,56.47,56.40,56.42,1355.00,368105,56.44
2019-03-05,09:45,56.41,56.41,56.25,56.26,3324.00,368105,56.33
2019-03-05,10:00,56.27,56.34,56.26,56.32,2092.00,368105,56.31
2019-03-05,10:15,56.32,56.34,56.29,56.30,602.00,368105,56.31
2019-03-05,10:30,56.30,56.32,56.26,56.29,1686.00,368808,56.29
2019-03-05,10:45,56.28,56.39,56.27,56.38,1537.00,368808,56.35
2019-03-05,11:00,56.38,56.41,56.28,56.31,2436.00,368808,56.34
2019-03-05,11:15,56.30,56.33,56.28,56.31,1284.00,368808,56.30
2019-03-05,11:30,56.31,56.34,56.27,56.29,821.00,368808,56.30
2019-03-05,11:45,56.28,56.34,56.28,56.31,619.00,368808,56.31
2019-03-05,12:00,56.30,56.31,56.28,56.29,413.00,368808,56.30
2019-03-05,12:15,56.30,56.30,56.26,56.27,403.00,368808,56.28
2019-03-05,12:30,56.27,56.31,56.26,56.30,409.00,368808,56.28
2019-03-05,12:45,56.30,56.31,56.27,56.27,376.00,368808,56.28
2019-03-05,13:00,56.27,56.30,56.26,56.30,524.00,368808,56.28
2019-03-05,13:15,56.30,56.30,56.27,56.28,575.00,368808,56.29
2019-03-05,13:30,56.28,56.35,56.27,56.31,944.00,368808,56.31
2019-03-05,13:45,56.30,56.31,56.23,56.31,1931.00,368808,56.27
2019-03-05,14:00,56.31,56.34,56.30,56.34,906.00,368808,56.32
2019-03-05,14:15,56.34,56.39,56.30,56.38,1509.00,368808,56.35
2019-03-05,14:30,56.38,56.39,56.33,56.37,832.00,368808,56.36
2019-03-05,14:45,56.37,56.39,56.33,56.36,942.00,368808,56.36
2019-03-05,15:00,56.37,56.44,56.36,56.40,2082.00,368808,56.41
2019-03-05,15:15,56.40,56.40,56.30,56.32,1319.00,368808,56.34
2019-03-05,15:30,56.32,56.33,56.28,56.31,1228.00,368808,56.30
2019-03-05,15:45,56.31,56.35,56.29,56.35,1400.00,368808,56.32
2019-03-05,16:00,56.34,56.49,56.28,56.43,5293.00,368808,56.41
2019-03-05,16:15,56.42,56.45,56.36,56.39,4014.00,368808,56.40
2019-03-05,16:30,56.39,56.46,56.17,56.20,8727.00,368808,56.30
2019-03-05,16:45,56.20,56.26,56.16,56.23,6211.00,368808,56.21
2019-03-05,17:00,56.22,56.23,56.10,56.19,6104.00,368808,56.15
2019-03-05,17:15,56.19,56.19,56.09,56.11,5516.00,368808,56.13
2019-03-05,17:30,56.11,56.26,56.09,56.22,4880.00,368808,56.21
2019-03-05,17:45,56.21,56.26,56.17,56.25,2440.00,368808,56.22
2019-03-05,18:00,56.26,56.38,56.25,56.31,4684.00,368808,56.31
2019-03-05,18:15,56.31,56.31,56.15,56.24,4258.00,368808,56.20
2019-03-05,18:30,56.24,56.27,56.21,56.26,1955.00,368808,56.24
2019-03-05,18:45,56.27,56.49,56.25,56.45,6353.00,368808,56.38
2019-03-05,19:00,56.46,56.56,56.45,56.54,7333.00,368808,56.52
2019-03-05,19:15,56.54,56.64,56.47,56.59,6662.00,368808,56.56
2019-03-05,19:30,56.59,56.80,56.58,56.78,9327.00,368808,56.70
2019-03-05,19:45,56.79,56.91,56.74,56.81,10708.00,368808,56.84
2019-03-05,20:00,56.81,56.86,56.70,56.74,6495.00,368808,56.77
2019-03-05,20:15,56.73,56.76,56.71,56.76,3893.00,368808,56.74
2019-03-05,20:30,56.76,56.80,56.72,56.77,4164.00,368808,56.76
2019-03-05,20:45,56.77,56.83,56.66,56.83,5281.00,368808,56.75
2019-03-05,21:00,56.82,56.84,56.72,56.77,5949.00,368808,56.78
2019-03-05,21:15,56.77,56.80,56.69,56.74,5568.00,368808,56.73
2019-03-05,21:30,56.73,56.80,56.62,56.78,8498.00,368808,56.70
2019-03-05,21:45,56.79,56.87,56.73,56.75,9502.00,368808,56.81
2019-03-05,22:00,56.75,57.15,56.74,56.97,38125.00,368808,56.99
2019-03-05,22:15,56.97,57.08,56.93,57.04,17074.00,358824,57.01
2019-03-05,22:30,57.04,57.10,56.90,56.99,15554.00,358824,57.02
2019-03-05,22:45,56.98,57.01,56.65,56.71,24622.00,358824,56.81
2019-03-05,23:00,56.71,56.93,56.71,56.81,17409.00,358824,56.83
2019-03-05,23:15,56.81,56.87,56.45,56.49,21731.00,358824,56.67
2019-03-05,23:30,56.51,56.69,56.45,56.60,18391.00,358824,56.61
2019-03-05,23:45,56.60,56.65,56.30,56.47,22396.00,358824,56.43
2019-03-06,00:00,56.48,56.74,56.44,56.72,17103.00,358824,56.58
2019-03-06,00:15,56.73,56.78,56.55,56.56,21974.00,358824,56.71
2019-03-06,00:30,56.57,56.65,56.47,56.51,17959.00,358824,56.56
2019-03-06,00:45,56.51,56.59,56.43,56.52,16196.00,358824,56.52
2019-03-06,01:00,56.52,56.52,56.40,56.46,9085.00,358824,56.46
2019-03-06,01:15,56.46,56.63,56.44,56.58,6454.00,358824,56.55
2019-03-06,01:30,56.59,56.70,56.58,56.68,7242.00,358824,56.66
2019-03-06,01:45,56.69,56.69,56.57,56.63,4613.00,358824,56.63
2019-03-06,02:00,56.63,56.66,56.57,56.61,3638.00,358824,56.62
2019-03-06,02:15,56.61,56.63,56.51,56.52,3312.00,358824,56.57
2019-03-06,02:30,56.53,56.61,56.52,56.60,3839.00,358824,56.57
2019-03-06,02:45,56.59,56.60,56.47,56.57,5458.00,358824,56.54
2019-03-06,03:00,56.56,56.65,56.56,56.62,5407.00,358824,56.60
2019-03-06,03:15,56.63,56.74,56.53,56.55,18681.00,358824,56.61
2019-03-06,03:30,56.55,56.63,56.53,56.62,3558.00,358824,56.58
2019-03-06,03:45,56.62,56.67,56.60,56.65,1440.00,358824,56.63
2019-03-06,04:00,56.65,56.65,56.60,56.61,2649.00,358824,56.62
2019-03-06,04:15,56.61,56.64,56.57,56.58,877.00,358824,56.60
2019-03-06,04:30,56.58,56.61,56.57,56.58,953.00,358824,56.59
2019-03-06,04:45,56.58,56.62,56.53,56.55,1309.00,358824,56.58
2019-03-06,05:00,56.55,56.56,56.51,56.56,1084.00,358824,56.53
2019-03-06,05:15,56.56,56.56,56.42,56.42,6202.00,358824,56.51
2019-03-06,05:30,56.42,56.47,56.17,56.24,6546.00,358824,56.25
2019-03-06,05:45,56.24,56.33,56.22,56.28,1458.00,358824,56.27
2019-03-06,07:00,56.28,56.32,56.22,56.31,1091.00,358824,56.27
2019-03-06,07:15,56.31,56.32,56.28,56.29,348.00,358824,56.30
2019-03-06,07:30,56.29,56.30,56.22,56.24,506.00,358824,56.25
2019-03-06,07:45,56.24,56.25,56.15,56.16,861.00,358824,56.21
2019-03-06,08:00,56.16,56.18,56.06,56.14,1838.00,358824,56.12
2019-03-06,08:15,56.14,56.22,56.11,56.14,1382.00,358824,56.17
2019-03-06,08:30,56.14,56.18,56.08,56.15,1077.00,358824,56.13
2019-03-06,08:45,56.15,56.18,56.09,56.18,732.00,358824,56.13
2019-03-06,09:00,56.17,56.17,56.03,56.05,3087.00,358824,56.09
2019-03-06,09:15,56.05,56.08,56.03,56.06,1365.00,358824,56.05
2019-03-06,09:30,56.05,56.14,56.01,56.01,2385.00,358824,56.07
2019-03-06,09:45,56.01,56.17,55.96,56.06,2752.00,358824,56.07
2019-03-06,10:00,56.05,56.10,56.02,56.02,1544.00,358824,56.06
2019-03-06,10:15,56.02,56.07,56.01,56.07,969.00,358824,56.05
2019-03-06,10:30,56.06,56.13,56.05,56.06,1477.00,364184,56.09
2019-03-06,10:45,56.07,56.07,56.00,56.03,1269.00,364184,56.04
2019-03-06,11:00,56.04,56.07,56.01,56.07,1103.00,364184,56.04
2019-03-06,11:15,56.06,56.14,56.06,56.12,1725.00,364184,56.11
2019-03-06,11:30,56.12,56.12,56.06,56.11,711.00,364184,56.09
2019-03-06,11:45,56.11,56.11,56.08,56.08,446.00,364184,56.09
2019-03-06,12:00,56.08,56.10,56.07,56.10,438.00,364184,56.09
2019-03-06,12:15,56.10,56.12,56.09,56.11,307.00,364184,56.11
2019-03-06,12:30,56.12,56.13,56.10,56.12,491.00,364184,56.12
2019-03-06,12:45,56.13,56.15,56.10,56.10,425.00,364184,56.13
2019-03-06,13:00,56.11,56.13,56.09,56.12,384.00,364184,56.11
2019-03-06,13:15,56.12,56.16,56.07,56.08,1339.00,364184,56.12
2019-03-06,13:30,56.08,56.11,56.03,56.06,2418.00,364184,56.06
2019-03-06,13:45,56.06,56.10,56.05,56.08,795.00,364184,56.08
2019-03-06,14:00,56.07,56.07,56.00,56.03,1784.00,364184,56.02
2019-03-06,14:15,56.04,56.07,56.01,56.05,1197.00,364184,56.04
2019-03-06,14:30,56.05,56.14,56.05,56.13,1921.00,364184,56.10
2019-03-06,14:45,56.12,56.20,56.12,56.16,2970.00,364184,56.17
2019-03-06,15:00,56.16,56.21,56.15,56.17,1962.00,364184,56.18
2019-03-06,15:15,56.17,56.18,56.12,56.14,1176.00,364184,56.14
2019-03-06,15:30,56.15,56.20,56.11,56.17,1608.00,364184,56.15
2019-03-06,15:45,56.17,56.17,56.11,56.14,1238.00,364184,56.14
2019-03-06,16:00,56.13,56.22,56.07,56.19,5161.00,364184,56.16
2019-03-06,16:15,56.19,56.21,56.05,56.08,5560.00,364184,56.12
2019-03-06,16:30,56.08,56.09,55.92,55.93,7686.00,364184,56.01
2019-03-06,16:45,55.93,56.05,55.92,56.03,5807.00,364184,55.99
2019-03-06,17:00,56.02,56.16,56.00,56.08,5620.00,364184,56.09
2019-03-06,17:15,56.08,56.14,55.91,55.94,6594.00,364184,56.03
2019-03-06,17:30,55.95,56.03,55.80,55.90,8072.00,364184,55.93
2019-03-06,17:45,55.91,55.94,55.82,55.90,5723.00,364184,55.87
2019-03-06,18:00,55.91,55.94,55.82,55.83,3793.00,364184,55.87
2019-03-06,18:15,55.82,55.99,55.81,55.96,4499.00,364184,55.92
2019-03-06,18:30,55.96,56.07,55.96,56.01,5365.00,364184,56.02
2019-03-06,18:45,56.01,56.06,55.95,56.00,2481.00,364184,56.01
2019-03-06,19:00,55.99,56.02,55.96,55.97,2152.00,364184,55.98
2019-03-06,19:15,55.97,56.18,55.97,56.10,6892.00,364184,56.10
2019-03-06,19:30,56.09,56.25,56.09,56.18,6852.00,364184,56.16
2019-03-06,19:45,56.17,56.21,56.14,56.18,3228.00,364184,56.18
2019-03-06,20:00,56.18,56.19,56.12,56.14,7627.00,364184,56.16
2019-03-06,20:15,56.14,56.22,56.04,56.11,6049.00,364184,56.13
2019-03-06,20:30,56.10,56.11,55.90,55.97,7323.00,364184,55.97
2019-03-06,20:45,55.96,56.03,55.91,55.96,7797.00,364184,55.96
2019-03-06,21:00,55.97,56.06,55.88,55.93,11488.00,364184,55.96
2019-03-06,21:15,55.94,56.00,55.81,55.93,11322.00,364184,55.90
2019-03-06,21:30,55.93,56.02,55.90,56.02,5534.00,364184,55.97
2019-03-06,21:45,56.02,56.08,55.96,55.96,6257.00,364184,56.03
2019-03-06,22:00,55.96,56.14,55.96,56.08,16782.00,364184,56.05
2019-03-06,22:15,56.08,56.17,56.01,56.03,9189.00,353287,56.10
2019-03-06,22:30,56.04,56.19,55.98,56.00,12775.00,353287,56.09
2019-03-06,22:45,56.00,56.04,55.82,55.93,18785.00,353287,55.93
2019-03-06,23:00,55.92,55.94,55.53,55.67,37925.00,353287,55.67
2019-03-06,23:15,55.67,55.69,55.51,55.55,15112.00,353287,55.60
2019-03-06,23:30,55.57,55.96,55.42,55.89,53632.00,353287,55.74
2019-03-06,23:45,55.88,56.00,55.82,55.98,24509.00,353287,55.91
2019-03-07,00:00,55.98,56.40,55.98,56.26,44883.00,353287,56.24
2019-03-07,00:15,56.26,56.34,55.85,55.92,34959.00,353287,56.08
2019-03-07,00:30,55.92,56.09,55.79,55.92,22182.00,353287,55.93
2019-03-07,00:45,55.92,55.99,55.80,55.92,11347.00,353287,55.90
2019-03-07,01:00,55.92,56.03,55.90,55.99,9066.00,353287,55.98
2019-03-07,01:15,55.98,56.00,55.88,55.92,7306.00,353287,55.92
2019-03-07,01:30,55.93,56.05,55.93,56.02,6415.00,353287,56.00
2019-03-07,01:45,56.02,56.06,55.91,55.98,5876.00,353287,55.96
2019-03-07,02:00,55.98,56.09,55.95,56.03,8126.00,353287,56.05
2019-03-07,02:15,56.02,56.08,55.98,56.03,8124.00,353287,56.02
2019-03-07,02:30,56.03,56.13,56.01,56.08,4557.00,353287,56.08
2019-03-07,02:45,56.08,56.22,56.07,56.18,7893.00,353287,56.15
2019-03-07,03:00,56.18,56.31,56.17,56.29,7976.00,353287,56.24
2019-03-07,03:15,56.29,56.31,56.20,56.22,28019.00,353287,56.24
2019-03-07,03:30,56.22,56.26,56.11,56.12,9616.00,353287,56.20
2019-03-07,03:45,56.10,56.18,56.10,56.13,3054.00,353287,56.13
2019-03-07,04:00,56.13,56.16,56.10,56.15,1755.00,353287,56.13
2019-03-07,04:15,56.14,56.19,56.14,56.17,3619.00,353287,56.17
2019-03-07,04:30,56.17,56.24,56.16,56.22,2482.00,353287,56.20
2019-03-07,04:45,56.22,56.27,56.19,56.22,1853.00,353287,56.23
2019-03-07,05:00,56.22,56.24,56.18,56.20,812.00,353287,56.21
2019-03-07,05:15,56.21,56.25,56.20,56.23,1053.00,353287,56.23
2019-03-07,05:30,56.24,56.24,56.17,56.19,1470.00,353287,56.20
2019-03-07,05:45,56.20,56.22,56.14,56.19,986.00,353287,56.18
2019-03-07,07:00,56.20,56.22,56.15,56.16,1202.00,353287,56.19
2019-03-07,07:15,56.16,56.16,56.11,56.14,456.00,353287,56.14
2019-03-07,07:30,56.14,56.21,56.14,56.19,563.00,353287,56.17
2019-03-07,07:45,56.19,56.20,56.12,56.12,407.00,353287,56.17
2019-03-07,08:00,56.12,56.15,56.11,56.15,811.00,353287,56.13
2019-03-07,08:15,56.15,56.15,56.11,56.13,405.00,353287,56.13
2019-03-07,08:30,56.13,56.15,56.10,56.13,440.00,353287,56.12
2019-03-07,08:45,56.13,56.14,56.11,56.11,297.00,353287,56.12
2019-03-07,09:00,56.11,56.24,56.08,56.24,2135.00,353287,56.18
2019-03-07,09:15,56.23,56.27,56.19,56.22,1301.00,353287,56.23
2019-03-07,09:30,56.24,56.29,56.20,56.28,2348.00,353287,56.24
2019-03-07,09:45,56.29,56.35,56.27,56.30,3120.00,343899,56.31
2019-03-07,10:00,56.29,56.47,56.28,56.43,5760.00,343899,56.40
2019-03-07,10:15,56.43,56.46,56.42,56.42,1586.00,343899,56.44
2019-03-07,10:30,56.42,56.47,56.36,56.39,2128.00,343899,56.42
2019-03-07,10:45,56.40,56.40,56.35,56.39,1220.00,343899,56.38
2019-03-07,11:00,56.39,56.44,56.35,56.44,1445.00,343899,56.40
2019-03-07,11:15,56.43,56.44,56.40,56.42,993.00,343899,56.42
2019-03-07,11:30,56.42,56.42,56.38,56.38,551.00,343899,56.40
2019-03-07,11:45,56.38,56.40,56.36,56.38,516.00,343899,56.38
2019-03-07,12:00,56.37,56.42,56.37,56.37,771.00,343899,56.39
2019-03-07,12:15,56.37,56.40,56.37,56.37,276.00,343899,56.38
2019-03-07,12:30,56.38,56.40,56.36,56.40,541.00,343899,56.38
2019-03-07,12:45,56.40,56.40,56.38,56.39,329.00,343899,56.39
2019-03-07,13:00,56.38,56.39,56.35,56.37,832.00,343899,56.36
2019-03-07,13:15,56.38,56.38,56.33,56.36,555.00,343899,56.36
2019-03-07,13:30,56.35,56.38,56.26,56.30,3392.00,343899,56.30
2019-03-07,13:45,56.29,56.33,56.23,56.30,2445.00,343899,56.29
2019-03-07,14:00,56.29,56.30,56.21,56.23,2802.00,343899,56.24
2019-03-07,14:15,56.24,56.29,56.23,56.28,1486.00,343899,56.26
2019-03-07,14:30,56.28,56.34,56.27,56.30,1735.00,343899,56.30
2019-03-07,14:45,56.30,56.32,56.23,56.25,1463.00,343899,56.27
2019-03-07,15:00,56.25,56.26,56.20,56.24,1530.00,343899,56.23
2019-03-07,15:15,56.23,56.27,56.21,56.23,1564.00,343899,56.24
2019-03-07,15:30,56.23,56.24,56.19,56.21,1471.00,343899,56.21
2019-03-07,15:45,56.22,56.27,56.22,56.25,2249.00,343899,56.24
2019-03-07,16:00,56.25,56.29,56.19,56.24,3340.00,343899,56.25
2019-03-07,16:15,56.24,56.38,56.16,56.24,9187.00,343899,56.28
2019-03-07,16:30,56.25,56.35,56.23,56.34,4778.00,343899,56.30
2019-03-07,16:45,56.34,56.46,56.33,56.42,8494.00,343899,56.42
2019-03-07,17:00,56.42,56.55,56.36,56.53,8861.00,343899,56.48
2019-03-07,17:15,56.52,56.60,56.49,56.55,5243.00,343899,56.54
2019-03-07,17:30,56.55,56.59,56.51,56.56,3940.00,343899,56.55
2019-03-07,17:45,56.57,56.67,56.56,56.63,5813.00,343899,56.62
2019-03-07,18:00,56.63,56.65,56.58,56.63,4793.00,343899,56.61
2019-03-07,18:15,56.62,56.67,56.58,56.64,3678.00,343899,56.63
2019-03-07,18:30,56.64,56.73,56.58,56.66,10505.00,343899,56.65
2019-03-07,18:45,56.66,56.68,56.62,56.64,2363.00,343899,56.65
2019-03-07,19:00,56.65,56.71,56.54,56.63,6083.00,343899,56.61
2019-03-07,19:15,56.63,56.74,56.62,56.73,5641.00,343899,56.69
2019-03-07,19:30,56.73,56.84,56.68,56.84,10673.00,343899,56.77
2019-03-07,19:45,56.83,56.88,56.77,56.82,7092.00,343899,56.83
2019-03-07,20:00,56.82,56.90,56.79,56.87,5607.00,343899,56.85
2019-03-07,20:15,56.87,56.90,56.84,56.87,4226.00,343899,56.86
2019-03-07,20:30,56.86,56.95,56.81,56.90,7020.00,343899,56.88
2019-03-07,20:45,56.90,56.93,56.82,56.92,5065.00,343899,56.87
2019-03-07,21:00,56.92,56.99,56.85,56.96,9900.00,343899,56.92
2019-03-07,21:15,56.97,56.98,56.86,56.87,6014.00,343899,56.94
2019-03-07,21:30,56.86,56.88,56.78,56.81,11426.00,343899,56.84
2019-03-07,21:45,56.81,56.82,56.68,56.74,10034.00,343899,56.74
2019-03-07,22:00,56.74,56.80,56.50,56.61,24841.00,343899,56.62
2019-03-07,22:15,56.61,56.70,56.52,56.68,11521.00,332570,56.62
2019-03-07,22:30,56.68,56.75,56.29,56.44,39163.00,332570,56.48
2019-03-07,22:45,56.43,56.45,56.29,56.40,23564.00,332570,56.36
2019-03-07,23:00,56.40,56.47,56.27,56.29,22967.00,332570,56.35
2019-03-07,23:15,56.29,56.55,56.27,56.51,22616.00,332570,56.42
2019-03-07,23:30,56.51,56.60,56.40,56.49,16048.00,332570,56.52
2019-03-07,23:45,56.49,56.71,56.47,56.63,15917.00,332570,56.64
2019-03-08,00:00,56.63,56.71,56.49,56.57,16874.00,332570,56.61
2019-03-08,00:15,56.57,56.59,56.34,56.44,29061.00,332570,56.42
2019-03-08,00:30,56.45,56.71,56.45,56.71,20170.00,332570,56.60
2019-03-08,00:45,56.70,56.76,56.64,56.69,10753.00,332570,56.69
2019-03-08,01:00,56.69,56.69,56.53,56.56,11226.00,332570,56.62
2019-03-08,01:15,56.57,56.65,56.55,56.63,6181.00,332570,56.60
2019-03-08,01:30,56.63,56.71,56.50,56.67,10385.00,332570,56.63
2019-03-08,01:45,56.67,56.76,56.66,56.68,7533.00,332570,56.71
2019-03-08,02:00,56.67,56.71,56.58,56.71,7313.00,332570,56.65
2019-03-08,02:15,56.72,56.72,56.60,56.71,6063.00,332570,56.65
2019-03-08,02:30,56.71,56.72,56.63,56.66,4975.00,332570,56.67
2019-03-08,02:45,56.65,56.71,56.64,56.67,4367.00,332570,56.67
2019-03-08,03:00,56.66,56.72,56.52,56.60,18558.00,332570,56.58
2019-03-08,03:15,56.60,56.69,56.54,56.62,21186.00,332570,56.63
2019-03-08,03:30,56.62,56.65,56.56,56.58,7620.00,332570,56.61
2019-03-08,03:45,56.58,56.60,56.55,56.56,3203.00,332570,56.57
2019-03-08,04:00,56.57,56.61,56.53,56.58,6808.00,332570,56.56
2019-03-08,04:15,56.59,56.60,56.55,56.57,1987.00,332570,56.58
2019-03-08,04:30,56.56,56.60,56.54,56.55,4887.00,332570,56.58
2019-03-08,04:45,56.55,56.57,56.52,56.56,1839.00,332570,56.55
2019-03-08,05:00,56.56,56.57,56.51,56.53,897.00,332570,56.54
2019-03-08,05:15,56.53,56.56,56.52,56.56,536.00,332570,56.54
2019-03-08,05:30,56.55,56.58,56.53,56.54,867.00,332570,56.56
2019-03-08,05:45,56.53,56.55,56.37,56.40,3350.00,332570,56.46
2019-03-08,07:00,56.43,56.50,56.37,56.48,1000.00,332570,56.45
2019-03-08,07:15,56.48,56.51,56.46,56.49,430.00,332570,56.48
2019-03-08,07:30,56.49,56.51,56.45,56.45,455.00,332570,56.48
2019-03-08,07:45,56.45,56.48,56.41,56.46,653.00,332570,56.44
2019-03-08,08:00,56.45,56.46,56.34,56.39,1067.00,332570,56.38
2019-03-08,08:15,56.38,56.42,56.37,56.39,428.00,332570,56.40
2019-03-08,08:30,56.40,56.42,56.38,56.40,311.00,332570,56.40
2019-03-08,08:45,56.40,56.45,56.36,56.41,1112.00,332570,56.41
2019-03-08,09:00,56.42,56.48,56.35,56.36,1843.00,332570,56.41
2019-03-08,09:15,56.35,56.39,56.34,56.35,979.00,332570,56.37
2019-03-08,09:30,56.35,56.41,56.33,56.34,1772.00,332570,56.37
2019-03-08,09:45,56.34,56.36,56.32,56.34,1437.00,332570,56.34
2019-03-08,10:00,56.35,56.37,56.30,56.35,1110.00,305344,56.33
2019-03-08,10:15,56.34,56.38,56.34,56.38,929.00,305344,56.36
2019-03-08,10:30,56.38,56.42,56.37,56.38,1129.00,305344,56.40
2019-03-08,10:45,56.38,56.39,56.34,56.35,737.00,305344,56.36
2019-03-08,11:00,56.35,56.36,56.32,56.33,673.00,305344,56.34
2019-03-08,11:15,56.34,56.37,56.31,56.35,1409.00,305344,56.33
2019-03-08,11:30,56.35,56.35,56.30,56.31,838.00,305344,56.32
2019-03-08,11:45,56.31,56.34,56.31,56.31,302.00,305344,56.32
2019-03-08,12:00,56.31,56.32,56.25,56.26,1258.00,305344,56.27
2019-03-08,12:15,56.26,56.29,56.25,56.26,692.00,305344,56.27
2019-03-08,12:30,56.26,56.28,56.24,56.28,549.00,305344,56.26
2019-03-08,12:45,56.28,56.29,56.26,56.26,379.00,305344,56.27
2019-03-08,13:00,56.26,56.30,56.24,56.24,731.00,305344,56.27
2019-03-08,13:15,56.24,56.28,56.24,56.28,506.00,305344,56.26
2019-03-08,13:30,56.28,56.33,56.24,56.33,1372.00,305344,56.29
2019-03-08,13:45,56.32,56.33,56.28,56.32,1017.00,305344,56.31
2019-03-08,14:00,56.31,56.37,56.31,56.33,1590.00,305344,56.34
2019-03-08,14:15,56.34,56.40,56.31,56.38,1543.00,305344,56.36
2019-03-08,14:30,56.38,56.40,56.31,56.32,1977.00,305344,56.36
2019-03-08,14:45,56.32,56.32,56.22,56.23,2788.00,305344,56.27
2019-03-08,15:00,56.23,56.26,56.06,56.14,6372.00,305344,56.16
2019-03-08,15:15,56.13,56.18,56.13,56.16,2109.00,305344,56.16
2019-03-08,15:30,56.16,56.19,56.08,56.12,2929.00,305344,56.14
2019-03-08,15:45,56.12,56.13,56.06,56.08,3726.00,305344,56.10
2019-03-08,16:00,56.07,56.10,56.02,56.02,5779.00,305344,56.05
2019-03-08,16:15,56.02,56.14,56.00,56.14,5712.00,305344,56.07
2019-03-08,16:30,56.13,56.18,56.10,56.13,4252.00,305344,56.14
2019-03-08,16:45,56.13,56.13,56.03,56.04,5909.00,305344,56.10
2019-03-08,17:00,56.05,56.20,55.98,56.18,7685.00,305344,56.07
2019-03-08,17:15,56.18,56.18,55.78,56.07,15844.00,305344,55.93
2019-03-08,17:30,56.06,56.23,55.93,55.93,8611.00,305344,56.10
2019-03-08,17:45,55.94,55.98,55.84,55.91,5936.00,305344,55.91
2019-03-08,18:00,55.91,55.92,55.76,55.81,6263.00,305344,55.84
2019-03-08,18:15,55.80,55.84,55.69,55.72,6563.00,305344,55.77
2019-03-08,18:30,55.72,55.74,55.65,55.69,6404.00,305344,55.70
2019-03-08,18:45,55.69,55.76,55.61,55.72,5038.00,305344,55.69
2019-03-08,19:00,55.72,55.79,55.66,55.75,4298.00,305344,55.74
2019-03-08,19:15,55.75,55.79,55.71,55.73,3167.00,305344,55.74
2019-03-08,19:30,55.73,55.80,55.64,55.76,5091.00,305344,55.74
2019-03-08,19:45,55.76,55.82,55.68,55.70,3982.00,305344,55.76
2019-03-08,20:00,55.70,55.75,55.64,55.67,7699.00,305344,55.68
2019-03-08,20:15,55.66,55.73,55.60,55.66,5441.00,305344,55.67
2019-03-08,20:30,55.67,55.68,55.35,55.51,16938.00,305344,55.50
2019-03-08,20:45,55.50,55.52,55.35,55.36,7612.00,305344,55.45
2019-03-08,21:00,55.35,55.37,55.20,55.21,14625.00,305344,55.29
2019-03-08,21:15,55.21,55.44,55.14,55.42,12511.00,305344,55.31
2019-03-08,21:30,55.43,55.49,55.13,55.15,16920.00,305344,55.28
2019-03-08,21:45,55.15,55.23,55.10,55.11,18000.00,305344,55.14
2019-03-08,22:00,55.11,55.22,54.66,54.81,42148.00,305344,54.90
2019-03-08,22:15,54.81,55.11,54.80,55.05,19485.00,294866,54.96
2019-03-08,22:30,55.05,55.05,54.83,54.89,21259.00,294866,54.92
2019-03-08,22:45,54.89,55.04,54.77,54.86,18177.00,294866,54.88
2019-03-08,23:00,54.84,54.87,54.52,54.72,36445.00,294866,54.67
2019-03-08,23:15,54.71,54.83,54.56,54.76,17515.00,294866,54.69
2019-03-08,23:30,54.76,55.05,54.74,55.05,21711.00,294866,54.90
2019-03-08,23:45,55.05,55.27,55.02,55.06,24722.00,294866,55.15
2019-03-09,00:00,55.07,55.10,54.88,55.03,20414.00,294866,54.98
2019-03-09,00:15,55.04,55.29,54.95,55.22,19924.00,294866,55.13
2019-03-09,00:30,55.22,55.41,55.12,55.17,20858.00,294866,55.28
2019-03-09,00:45,55.17,55.28,54.95,54.96,19647.00,294866,55.10
2019-03-09,01:00,54.97,55.22,54.96,55.20,10594.00,294866,55.10
2019-03-09,01:15,55.19,55.27,55.12,55.25,7747.00,294866,55.20
2019-03-09,01:30,55.26,55.31,55.21,55.27,7731.00,294866,55.26
2019-03-09,01:45,55.27,55.36,55.23,55.29,8508.00,294866,55.28
2019-03-09,02:00,55.28,55.57,55.26,55.46,15350.00,294866,55.42
2019-03-09,02:15,55.47,55.61,55.42,55.59,11978.00,294866,55.53
2019-03-09,02:30,55.59,55.66,55.50,55.64,9827.00,294866,55.58
2019-03-09,02:45,55.63,55.82,55.63,55.80,13532.00,294866,55.74
2019-03-09,03:00,55.80,55.90,55.72,55.75,15933.00,294866,55.80
2019-03-09,03:15,55.75,56.15,55.71,56.12,43465.00,294866,56.00
2019-03-09,03:30,56.11,56.15,56.05,56.12,10655.00,294866,56.12
2019-03-09,03:45,56.11,56.15,56.03,56.04,3627.00,294866,56.10
2019-03-09,04:00,56.05,56.15,56.04,56.10,3698.00,294866,56.10
2019-03-09,04:15,56.11,56.14,56.07,56.09,3700.00,294866,56.10
2019-03-09,04:30,56.09,56.10,56.05,56.09,6133.00,294866,56.08
2019-03-09,04:45,56.09,56.20,56.08,56.12,2791.00,294866,56.12
2019-03-09,05:00,56.11,56.12,56.01,56.04,1978.00,294866,56.06
2019-03-09,05:15,56.04,56.05,55.96,55.98,1609.00,294866,56.00
2019-03-09,05:30,55.98,56.01,55.96,55.99,2500.00,294866,55.98
2019-03-09,05:45,55.98,56.06,55.95,56.04,1234.00,294866,56.00
2019-03-11,06:00,56.07,56.17,55.96,56.11,1786.00,294866,56.09
2019-03-11,06:15,56.11,56.17,56.08,56.16,756.00,294866,56.14
2019-03-11,06:30,56.15,56.15,56.10,56.15,425.00,294866,56.14
2019-03-11,06:45,56.16,56.18,56.12,56.18,563.00,294866,56.15
2019-03-11,07:00,56.17,56.20,56.15,56.19,856.00,294866,56.18
2019-03-11,07:15,56.19,56.30,56.19,56.26,1527.00,294866,56.25
2019-03-11,07:30,56.26,56.26,56.15,56.16,679.00,294866,56.20
2019-03-11,07:45,56.16,56.18,56.14,56.15,513.00,294866,56.16
2019-03-11,08:00,56.16,56.28,56.14,56.25,1225.00,294866,56.22
2019-03-11,08:15,56.26,56.27,56.21,56.26,855.00,294866,56.24
2019-03-11,08:30,56.26,56.27,56.18,56.19,970.00,294866,56.21
2019-03-11,08:45,56.19,56.19,56.13,56.15,1497.00,294866,56.16
2019-03-11,09:00,56.15,56.17,56.05,56.09,3163.00,294866,56.10
2019-03-11,09:15,56.08,56.25,56.08,56.24,2282.00,294866,56.18
2019-03-11,09:30,56.24,56.24,56.16,56.22,1622.00,294866,56.20
2019-03-11,09:45,56.22,56.34,56.21,56.29,2315.00,294866,56.28
2019-03-11,10:00,56.28,56.34,56.25,56.28,1761.00,294866,56.29
2019-03-11,10:15,56.27,56.33,56.26,56.31,1071.00,294866,56.30
2019-03-11,10:30,56.31,56.36,56.30,56.33,1596.00,294866,56.33
2019-03-11,10:45,56.33,56.42,56.31,56.42,1905.00,294866,56.37
2019-03-11,11:00,56.41,56.48,56.39,56.40,2890.00,294866,56.42
2019-03-11,11:15,56.39,56.43,56.36,56.37,1385.00,294866,56.39
2019-03-11,11:30,56.37,56.39,56.35,56.37,881.00,294866,56.36
2019-03-11,11:45,56.38,56.38,56.35,56.36,462.00,294866,56.36
2019-03-11,12:00,56.36,56.41,56.33,56.33,1011.00,294866,56.36
2019-03-11,12:15,56.33,56.37,56.32,56.35,633.00,294866,56.34
2019-03-11,12:30,56.36,56.36,56.32,56.35,376.00,294866,56.34
2019-03-11,12:45,56.34,56.35,56.32,56.32,289.00,294866,56.33
2019-03-11,13:00,56.32,56.37,56.31,56.32,734.00,270229,56.34
2019-03-11,13:15,56.32,56.34,56.29,56.31,664.00,270229,56.31
2019-03-11,13:30,56.31,56.37,56.29,56.34,927.00,270229,56.33
2019-03-11,13:45,56.35,56.38,56.33,56.33,822.00,270229,56.36
2019-03-11,14:00,56.33,56.43,56.33,56.36,1375.00,270229,56.39
2019-03-11,14:15,56.37,56.40,56.35,56.36,563.00,270229,56.37
2019-03-11,14:30,56.36,56.36,56.31,56.36,1338.00,270229,56.33
2019-03-11,14:45,56.36,56.41,56.35,56.40,1337.00,270229,56.38
2019-03-11,15:00,56.39,56.44,56.38,56.42,2306.00,270229,56.42
2019-03-11,15:15,56.42,56.45,56.37,56.41,4426.00,270229,56.41
2019-03-11,15:30,56.41,56.42,56.35,56.38,3109.00,270229,56.38
2019-03-11,15:45,56.38,56.50,56.38,56.46,3320.00,270229,56.44
2019-03-11,16:00,56.47,56.67,56.46,56.61,12548.00,270229,56.58
2019-03-11,16:15,56.61,56.78,56.60,56.77,8714.00,270229,56.71
2019-03-11,16:30,56.77,56.79,56.67,56.67,6472.00,270229,56.73
2019-03-11,16:45,56.67,56.70,56.63,56.65,4218.00,270229,56.66
2019-03-11,17:00,56.64,56.79,56.54,56.61,8981.00,270229,56.64
2019-03-11,17:15,56.62,56.68,56.47,56.50,7337.00,270229,56.57
2019-03-11,17:30,56.51,56.56,56.46,56.51,4098.00,270229,56.51
2019-03-11,17:45,56.51,56.62,56.49,56.60,4169.00,270229,56.54
2019-03-11,18:00,56.61,56.68,56.52,56.53,4652.00,270229,56.60
2019-03-11,18:15,56.52,56.64,56.44,56.58,4815.00,270229,56.54
2019-03-11,18:30,56.58,56.63,56.54,56.58,2690.00,270229,56.59
2019-03-11,18:45,56.58,56.60,56.46,56.52,5679.00,270229,56.55
2019-03-11,19:00,56.52,56.57,56.37,56.42,5595.00,270229,56.47
2019-03-11,19:15,56.43,56.47,56.38,56.43,4051.00,270229,56.42
2019-03-11,19:30,56.44,56.52,56.40,56.48,4692.00,270229,56.47
2019-03-11,19:45,56.49,56.51,56.41,56.41,3143.00,270229,56.46
2019-03-11,20:00,56.41,56.55,56.39,56.53,5204.00,270229,56.48
2019-03-11,20:15,56.53,56.56,56.29,56.31,7440.00,270229,56.46
2019-03-11,20:30,56.32,56.44,56.30,56.43,8555.00,270229,56.36
2019-03-11,20:45,56.42,56.50,56.36,56.47,11045.00,270229,56.44
2019-03-11,21:00,56.46,56.73,56.43,56.71,23903.00,270229,56.57
2019-03-11,21:15,56.71,56.87,56.71,56.85,24644.00,252613,56.82
2019-03-11,21:30,56.85,56.95,56.79,56.79,23021.00,252613,56.87
2019-03-11,21:45,56.80,56.87,56.74,56.79,16181.00,252613,56.79
2019-03-11,22:00,56.79,56.97,56.60,56.61,33765.00,252613,56.82
2019-03-11,22:15,56.61,56.66,56.47,56.52,20271.00,252613,56.57
2019-03-11,22:30,56.52,56.67,56.45,56.55,17443.00,252613,56.59
2019-03-11,22:45,56.55,56.65,56.52,56.62,12756.00,252613,56.58
2019-03-11,23:00,56.62,56.67,56.48,56.60,15088.00,252613,56.58
2019-03-11,23:15,56.60,56.71,56.56,56.68,11055.00,252613,56.63
2019-03-11,23:30,56.68,56.87,56.65,56.79,17378.00,252613,56.78
2019-03-11,23:45,56.79,57.01,56.79,56.88,16391.00,252613,56.88
2019-03-12,00:00,56.87,56.99,56.80,56.86,15810.00,252613,56.90
2019-03-12,00:15,56.86,56.92,56.53,56.56,20694.00,252613,56.76
2019-03-12,00:30,56.56,56.64,56.35,56.54,25004.00,252613,56.51
2019-03-12,00:45,56.55,56.67,56.50,56.65,11099.00,252613,56.58
2019-03-12,01:00,56.65,56.71,56.58,56.70,8066.00,252613,56.65
2019-03-12,01:15,56.70,56.74,56.67,56.72,6106.00,252613,56.71
2019-03-12,01:30,56.73,56.79,56.68,56.76,8756.00,252613,56.74
2019-03-12,01:45,56.76,56.83,56.75,56.81,7005.00,252613,56.79
2019-03-12,02:00,56.82,56.84,56.66,56.69,9830.00,252613,56.74
2019-03-12,02:15,56.69,56.83,56.68,56.82,19737.00,252613,56.77
2019-03-12,02:30,56.82,56.83,56.77,56.81,5642.00,252613,56.80
2019-03-12,02:45,56.81,56.82,56.76,56.78,4787.00,252613,56.78
2019-03-12,03:00,56.78,56.82,56.76,56.82,1492.00,252613,56.79
2019-03-12,03:15,56.82,56.84,56.78,56.79,1543.00,252613,56.81
2019-03-12,03:30,56.79,56.80,56.76,56.80,1235.00,252613,56.79
2019-03-12,03:45,56.80,56.83,56.80,56.82,1271.00,252613,56.82
2019-03-12,04:00,56.82,56.84,56.80,56.84,583.00,252613,56.83
2019-03-12,04:15,56.84,56.87,56.82,56.84,814.00,252613,56.84
2019-03-12,04:30,56.85,56.89,56.82,56.83,1072.00,252613,56.85
2019-03-12,04:45,56.83,56.86,56.75,56.77,1669.00,252613,56.81
2019-03-12,06:00,56.76,56.88,56.74,56.85,773.00,252613,56.82
2019-03-12,06:15,56.86,56.92,56.85,56.91,494.00,252613,56.89
2019-03-12,06:30,56.91,56.91,56.88,56.88,190.00,252613,56.90
2019-03-12,06:45,56.88,56.90,56.83,56.88,546.00,252613,56.86
2019-03-12,07:00,56.89,56.91,56.87,56.90,268.00,252613,56.89
2019-03-12,07:15,56.90,57.09,56.89,57.01,2273.00,252613,57.02
2019-03-12,07:30,57.01,57.03,56.99,57.02,388.00,252613,57.01
2019-03-12,07:45,57.02,57.02,56.97,56.97,482.00,252613,56.99
2019-03-12,08:00,56.97,57.01,56.88,57.01,1613.00,252613,56.96
2019-03-12,08:15,57.00,57.04,56.98,56.99,1057.00,252613,57.01
2019-03-12,08:30,56.99,57.00,56.93,56.97,953.00,252613,56.96
2019-03-12,08:45,56.97,57.01,56.94,57.00,669.00,252613,56.98
2019-03-12,09:00,56.99,57.06,56.95,56.97,1875.00,252613,57.01
2019-03-12,09:15,56.97,57.01,56.93,56.95,1454.00,252613,56.97
2019-03-12,09:30,56.95,57.01,56.93,57.00,1365.00,227925,56.97
2019-03-12,09:45,57.00,57.08,57.00,57.07,1708.00,227925,57.03
2019-03-12,10:00,57.07,57.14,57.04,57.04,2347.00,227925,57.08
2019-03-12,10:15,57.04,57.15,57.04,57.12,1658.00,227925,57.11
2019-03-12,10:30,57.11,57.15,57.07,57.07,2105.00,227925,57.11
2019-03-12,10:45,57.08,57.09,57.03,57.06,1406.00,227925,57.06
2019-03-12,11:00,57.05,57.11,57.05,57.10,686.00,227925,57.08
2019-03-12,11:15,57.09,57.12,57.03,57.06,1207.00,227925,57.06
2019-03-12,11:30,57.07,57.09,57.06,57.06,430.00,227925,57.07
2019-03-12,11:45,57.06,57.07,57.04,57.06,367.00,227925,57.06
2019-03-12,12:00,57.06,57.08,57.04,57.08,478.00,227925,57.06
2019-03-12,12:15,57.08,57.08,57.05,57.08,323.00,227925,57.07
2019-03-12,12:30,57.07,57.09,57.05,57.05,537.00,227925,57.06
2019-03-12,12:45,57.05,57.06,57.02,57.03,519.00,227925,57.04
2019-03-12,13:00,57.04,57.05,56.97,56.97,1585.00,227925,57.00
2019-03-12,13:15,56.97,57.01,56.95,56.99,1326.00,227925,56.98
2019-03-12,13:30,56.98,57.03,56.97,56.99,1512.00,227925,57.00
2019-03-12,13:45,57.00,57.00,56.89,56.89,2289.00,227925,56.94
2019-03-12,14:00,56.89,56.93,56.87,56.92,1859.00,227925,56.90
2019-03-12,14:15,56.91,56.93,56.89,56.92,797.00,227925,56.91
2019-03-12,14:30,56.92,56.94,56.89,56.93,830.00,227925,56.92
2019-03-12,14:45,56.93,56.98,56.92,56.95,1114.00,227925,56.95
2019-03-12,15:00,56.96,57.02,56.92,57.01,1568.00,227925,56.98
2019-03-12,15:15,57.01,57.05,57.01,57.01,1735.00,227925,57.03
2019-03-12,15:30,57.02,57.08,57.01,57.07,1796.00,227925,57.04
2019-03-12,15:45,57.06,57.09,57.02,57.05,2143.00,227925,57.05
2019-03-12,16:00,57.05,57.19,56.97,57.07,8933.00,227925,57.07
2019-03-12,16:15,57.08,57.14,57.00,57.14,5827.00,227925,57.09
2019-03-12,16:30,57.13,57.13,57.05,57.08,3375.00,227925,57.08
2019-03-12,16:45,57.08,57.11,57.05,57.07,2206.00,227925,57.07
2019-03-12,17:00,57.08,57.31,57.03,57.28,9814.00,227925,57.21
2019-03-12,17:15,57.27,57.44,57.26,57.42,10040.00,227925,57.37
2019-03-12,17:30,57.42,57.46,57.34,57.36,5509.00,227925,57.39
2019-03-12,17:45,57.35,57.40,57.32,57.35,3424.00,227925,57.35
2019-03-12,18:00,57.35,57.40,57.31,57.37,4149.00,227925,57.35
2019-03-12,18:15,57.38,57.42,57.33,57.34,2524.00,227925,57.38
2019-03-12,18:30,57.34,57.37,57.28,57.35,9068.00,227925,57.33
2019-03-12,18:45,57.35,57.36,57.30,57.32,2775.00,227925,57.33
2019-03-12,19:00,57.33,57.43,57.24,57.27,8007.00,227925,57.33
2019-03-12,19:15,57.27,57.30,57.23,57.25,3997.00,227925,57.26
2019-03-12,19:30,57.25,57.25,57.11,57.14,12333.00,227925,57.17
2019-03-12,19:45,57.14,57.15,56.95,57.04,10858.00,227925,57.06
2019-03-12,20:00,57.03,57.04,56.98,57.00,5802.00,227925,57.02
2019-03-12,20:15,57.01,57.12,56.95,57.11,8315.00,227925,57.04
2019-03-12,20:30,57.12,57.29,57.10,57.26,13721.00,227925,57.23
2019-03-12,20:45,57.26,57.41,57.23,57.39,11036.00,227925,57.32
2019-03-12,21:00,57.39,57.39,57.16,57.26,23408.00,227925,57.27
2019-03-12,21:15,57.26,57.32,57.20,57.21,11934.00,227925,57.27
2019-03-12,21:30,57.20,57.25,57.06,57.10,24313.00,215862,57.16
2019-03-12,21:45,57.11,57.27,57.09,57.17,14939.00,215862,57.19
2019-03-12,22:00,57.17,57.43,57.12,57.34,32226.00,215862,57.32
2019-03-12,22:15,57.35,57.55,57.34,57.45,34000.00,215862,57.47
2019-03-12,22:30,57.45,57.52,57.33,57.39,22828.00,215862,57.43
2019-03-12,22:45,57.38,57.43,57.27,57.37,16935.00,215862,57.35
2019-03-12,23:00,57.37,57.42,57.10,57.14,20147.00,215862,57.26
2019-03-12,23:15,57.14,57.23,57.08,57.17,21179.00,215862,57.16
2019-03-12,23:30,57.17,57.35,57.09,57.24,17429.00,215862,57.26
2019-03-12,23:45,57.24,57.31,57.14,57.25,13264.00,215862,57.23
2019-03-13,00:00,57.25,57.28,57.12,57.21,10538.00,215862,57.18
2019-03-13,00:15,57.21,57.23,56.75,56.94,33597.00,215862,56.93
2019-03-13,00:30,56.94,57.08,56.92,57.02,21948.00,215862,57.00
2019-03-13,00:45,57.03,57.04,56.90,56.91,10830.00,215862,56.96
2019-03-13,01:00,56.92,56.99,56.90,56.91,8189.00,215862,56.94
2019-03-13,01:15,56.91,56.98,56.84,56.93,8781.00,215862,56.91
2019-03-13,01:30,56.93,57.00,56.84,56.99,8286.00,215862,56.94
2019-03-13,01:45,56.99,57.02,56.80,56.81,10148.00,215862,56.93
2019-03-13,02:00,56.81,56.94,56.77,56.86,22169.00,215862,56.86
2019-03-13,02:15,56.87,56.92,56.77,56.88,29874.00,215862,56.86
2019-03-13,02:30,56.88,56.97,56.87,56.96,7118.00,215862,56.92
2019-03-13,02:45,56.96,56.98,56.92,56.94,1653.00,215862,56.95
2019-03-13,03:00,56.94,56.97,56.93,56.95,1519.00,215862,56.95
2019-03-13,03:15,56.95,56.96,56.90,56.95,2342.00,215862,56.93
2019-03-13,03:30,56.95,56.95,56.89,56.92,1640.00,215862,56.93
2019-03-13,03:45,56.91,56.93,56.90,56.91,2457.00,215862,56.92
2019-03-13,04:00,56.91,56.93,56.89,56.91,672.00,215862,56.91
2019-03-13,04:15,56.92,57.05,56.85,56.94,1552.00,215862,56.96
2019-03-13,04:30,56.92,57.28,56.92,57.06,5336.00,215862,57.09
2019-03-13,04:45,57.06,57.11,57.04,57.09,1420.00,215862,57.07
2019-03-13,06:00,57.09,57.18,57.07,57.15,1072.00,215862,57.13
2019-03-13,06:15,57.16,57.18,57.12,57.13,394.00,215862,57.16
2019-03-13,06:30,57.13,57.21,57.12,57.21,486.00,215862,57.18
2019-03-13,06:45,57.20,57.20,57.15,57.15,299.00,215862,57.17
2019-03-13,07:00,57.15,57.22,57.15,57.19,382.00,215862,57.18
2019-03-13,07:15,57.19,57.20,57.15,57.15,391.00,215862,57.19
2019-03-13,07:30,57.15,57.17,57.12,57.14,565.00,215862,57.14
2019-03-13,07:45,57.13,57.18,57.13,57.18,365.00,215862,57.15
2019-03-13,08:00,57.18,57.22,57.16,57.20,910.00,215862,57.19
2019-03-13,08:15,57.20,57.23,57.19,57.19,658.00,215862,57.21
2019-03-13,08:30,57.19,57.21,57.16,57.16,421.00,215862,57.19
2019-03-13,08:45,57.16,57.19,57.16,57.16,415.00,215862,57.17
2019-03-13,09:00,57.16,57.22,57.09,57.10,2070.00,215862,57.14
2019-03-13,09:15,57.10,57.15,57.08,57.11,1088.00,215862,57.12
2019-03-13,09:30,57.12,57.12,57.03,57.05,2520.00,215862,57.07
2019-03-13,09:45,57.04,57.09,57.02,57.04,1084.00,215862,57.06
2019-03-13,10:00,57.04,57.08,57.01,57.05,1175.00,215862,57.05
2019-03-13,10:15,57.05,57.07,57.02,57.04,595.00,194355,57.05
2019-03-13,10:30,57.04,57.09,57.01,57.08,1090.00,194355,57.04
2019-03-13,10:45,57.08,57.12,57.07,57.07,1280.00,194355,57.10
2019-03-13,11:00,57.07,57.15,57.07,57.14,1202.00,194355,57.12
2019-03-13,11:15,57.14,57.16,57.12,57.13,867.00,194355,57.14
2019-03-13,11:30,57.14,57.15,57.12,57.13,421.00,194355,57.13
2019-03-13,11:45,57.13,57.14,57.11,57.11,250.00,194355,57.12
2019-03-13,12:00,57.12,57.14,57.09,57.13,561.00,194355,57.12
2019-03-13,12:15,57.13,57.18,57.13,57.18,667.00,194355,57.15
2019-03-13,12:30,57.18,57.19,57.16,57.17,366.00,194355,57.17
2019-03-13,12:45,57.17,57.18,57.15,57.17,285.00,194355,57.16
2019-03-13,13:00,57.16,57.19,57.14,57.18,763.00,194355,57.17
2019-03-13,13:15,57.17,57.21,57.17,57.21,996.00,194355,57.19
2019-03-13,13:30,57.21,57.25,57.21,57.23,1969.00,194355,57.23
2019-03-13,13:45,57.23,57.23,57.16,57.18,1176.00,194355,57.19
2019-03-13,14:00,57.19,57.21,57.15,57.17,928.00,194355,57.18
2019-03-13,14:15,57.17,57.18,57.14,57.17,685.00,194355,57.17
2019-03-13,14:30,57.18,57.21,57.16,57.21,715.00,194355,57.19
2019-03-13,14:45,57.20,57.27,57.19,57.26,1668.00,194355,57.22
2019-03-13,15:00,57.26,57.26,57.21,57.23,1427.00,194355,57.24
2019-03-13,15:15,57.23,57.28,57.22,57.26,1176.00,194355,57.25
2019-03-13,15:30,57.27,57.27,57.22,57.25,2938.00,194355,57.26
2019-03-13,15:45,57.24,57.28,57.22,57.24,2011.00,194355,57.24
2019-03-13,16:00,57.23,57.28,57.18,57.18,3913.00,194355,57.23
2019-03-13,16:15,57.19,57.20,57.10,57.17,5124.00,194355,57.16
2019-03-13,16:30,57.16,57.23,57.13,57.17,3741.00,194355,57.17
2019-03-13,16:45,57.16,57.28,57.15,57.27,3980.00,194355,57.24
2019-03-13,17:00,57.27,57.41,57.26,57.39,7269.00,194355,57.35
2019-03-13,17:15,57.39,57.43,57.36,57.37,4821.00,194355,57.39
2019-03-13,17:30,57.37,57.43,57.32,57.40,3310.00,194355,57.38
2019-03-13,17:45,57.40,57.41,57.29,57.35,4245.00,194355,57.36
2019-03-13,18:00,57.35,57.47,57.35,57.42,5021.00,194355,57.43
2019-03-13,18:15,57.41,57.45,57.38,57.41,3434.00,194355,57.42
2019-03-13,18:30,57.41,57.50,57.40,57.45,4066.00,194355,57.46
2019-03-13,18:45,57.46,57.49,57.46,57.47,1823.00,194355,57.48
2019-03-13,19:00,57.47,57.47,57.40,57.40,3919.00,194355,57.42
2019-03-13,19:15,57.40,57.45,57.39,57.39,4164.00,194355,57.43
2019-03-13,19:30,57.40,57.44,57.35,57.40,4181.00,194355,57.39
2019-03-13,19:45,57.41,57.43,57.37,57.41,2245.00,194355,57.41
2019-03-13,20:00,57.41,57.48,57.41,57.46,4136.00,194355,57.46
2019-03-13,20:15,57.46,57.59,57.45,57.55,8120.00,194355,57.53
2019-03-13,20:30,57.55,57.60,57.48,57.54,11475.00,194355,57.55
2019-03-13,20:45,57.55,57.59,57.51,57.58,12417.00,194355,57.53
2019-03-13,21:00,57.58,57.80,57.50,57.73,34501.00,194355,57.70
2019-03-13,21:15,57.73,57.78,57.65,57.69,15292.00,194355,57.71
2019-03-13,21:30,57.69,57.76,57.65,57.75,12507.00,184451,57.70
2019-03-13,21:45,57.75,57.81,57.70,57.80,10995.00,184451,57.77
2019-03-13,22:00,57.80,57.92,57.79,57.86,18518.00,184451,57.87
2019-03-13,22:15,57.86,57.89,57.71,57.88,14476.00,184451,57.81
2019-03-13,22:30,57.88,58.08,57.81,57.92,42237.00,184451,57.97
2019-03-13,22:45,57.92,58.04,57.89,58.01,18376.00,184451,57.95
2019-03-13,23:00,58.01,58.03,57.76,57.92,20433.00,184451,57.91
2019-03-13,23:15,57.92,57.98,57.81,57.93,13103.00,184451,57.90
2019-03-13,23:30,57.92,57.95,57.82,57.87,10163.00,184451,57.88
2019-03-13,23:45,57.88,57.97,57.81,57.96,13053.00,184451,57.88
2019-03-14,00:00,57.97,58.00,57.72,57.80,15536.00,184451,57.86
2019-03-14,00:15,57.79,57.82,57.70,57.78,14907.00,184451,57.75
2019-03-14,00:30,57.78,57.89,57.78,57.86,10914.00,184451,57.84
2019-03-14,00:45,57.86,57.97,57.86,57.97,9315.00,184451,57.90
2019-03-14,01:00,57.97,57.97,57.88,57.94,5957.00,184451,57.92
2019-03-14,01:15,57.94,58.19,57.91,58.17,15283.00,184451,58.05
2019-03-14,01:30,58.17,58.18,57.92,57.98,14198.00,184451,58.03
2019-03-14,01:45,57.97,58.15,57.92,58.14,14896.00,184451,58.02
2019-03-14,02:00,58.15,58.21,58.10,58.14,17313.00,184451,58.16
2019-03-14,02:15,58.14,58.30,58.10,58.25,43066.00,184451,58.24
2019-03-14,02:30,58.25,58.47,58.24,58.42,18783.00,184451,58.34
2019-03-14,02:45,58.42,58.48,58.27,58.37,11765.00,184451,58.38
2019-03-14,03:00,58.38,58.47,58.38,58.46,4086.00,184451,58.42
2019-03-14,03:15,58.45,58.48,58.38,58.40,3320.00,184451,58.44
2019-03-14,03:30,58.40,58.44,58.37,58.40,2946.00,184451,58.40
2019-03-14,03:45,58.40,58.43,58.36,58.39,1856.00,184451,58.39
2019-03-14,04:00,58.38,58.40,58.34,58.35,1349.00,184451,58.37
2019-03-14,04:15,58.35,58.37,58.33,58.34,2330.00,184451,58.35
2019-03-14,04:30,58.34,58.37,58.29,58.35,1912.00,184451,58.34
2019-03-14,04:45,58.35,58.37,58.30,58.34,2320.00,184451,58.34
2019-03-14,06:00,58.35,58.36,58.29,58.32,667.00,184451,58.32
2019-03-14,06:15,58.31,58.33,58.28,58.29,284.00,184451,58.30
2019-03-14,06:30,58.28,58.37,58.28,58.37,291.00,184451,58.33
2019-03-14,06:45,58.37,58.39,58.34,58.38,355.00,184451,58.37
2019-03-14,07:00,58.38,58.38,58.34,58.35,253.00,184451,58.36
2019-03-14,07:15,58.35,58.37,58.33,58.35,267.00,184451,58.35
2019-03-14,07:30,58.36,58.36,58.31,58.32,277.00,184451,58.33
2019-03-14,07:45,58.32,58.36,58.32,58.33,239.00,184451,58.34
2019-03-14,08:00,58.33,58.35,58.28,58.34,960.00,184451,58.31
2019-03-14,08:15,58.34,58.37,58.29,58.29,553.00,184451,58.33
2019-03-14,08:30,58.29,58.30,58.27,58.29,650.00,184451,58.28
2019-03-14,08:45,58.30,58.31,58.27,58.28,507.00,184451,58.29
2019-03-14,09:00,58.28,58.37,58.26,58.29,1480.00,184451,58.32
2019-03-14,09:15,58.29,58.35,58.28,58.31,1205.00,162612,58.32
2019-03-14,09:30,58.32,58.33,58.26,58.32,1381.00,162612,58.29
2019-03-14,09:45,58.32,58.34,58.30,58.34,771.00,162612,58.32
2019-03-14,10:00,58.35,58.44,58.32,58.41,2343.00,162612,58.39
2019-03-14,10:15,58.42,58.43,58.39,58.42,1041.00,162612,58.41
2019-03-14,10:30,58.42,58.43,58.36,58.37,1096.00,162612,58.39
2019-03-14,10:45,58.37,58.41,58.36,58.39,797.00,162612,58.38
2019-03-14,11:00,58.39,58.41,58.33,58.33,1379.00,162612,58.37
2019-03-14,11:15,58.34,58.45,58.33,58.44,2051.00,162612,58.41
2019-03-14,11:30,58.44,58.44,58.41,58.42,869.00,162612,58.42
2019-03-14,11:45,58.43,58.44,58.40,58.41,562.00,162612,58.42
2019-03-14,12:00,58.41,58.42,58.40,58.41,227.00,162612,58.41
2019-03-14,12:15,58.41,58.43,58.39,58.43,724.00,162612,58.41
2019-03-14,12:30,58.42,58.44,58.40,58.40,520.00,162612,58.42
2019-03-14,12:45,58.40,58.42,58.40,58.40,447.00,162612,58.41
2019-03-14,13:00,58.40,58.42,58.38,58.40,511.00,162612,58.40
2019-03-14,13:15,58.40,58.43,58.39,58.43,403.00,162612,58.41
2019-03-14,13:30,58.42,58.44,58.38,58.39,1156.00,162612,58.41
2019-03-14,13:45,58.40,58.43,58.39,58.42,564.00,162612,58.40
2019-03-14,14:00,58.41,58.42,58.33,58.37,2141.00,162612,58.36
2019-03-14,14:15,58.36,58.41,58.36,58.40,686.00,162612,58.38
2019-03-14,14:30,58.40,58.41,58.37,58.40,482.00,162612,58.39
2019-03-14,14:45,58.40,58.44,58.40,58.43,1276.00,162612,58.42
2019-03-14,15:00,58.43,58.43,58.37,58.39,1381.00,162612,58.39
2019-03-14,15:15,58.40,58.41,58.38,58.40,970.00,162612,58.40
2019-03-14,15:30,58.40,58.44,58.39,58.40,1627.00,162612,58.41
2019-03-14,15:45,58.41,58.57,58.39,58.56,3920.00,162612,58.48
2019-03-14,16:00,58.56,58.62,58.51,58.56,7359.00,162612,58.58
2019-03-14,16:15,58.56,58.64,58.56,58.62,5506.00,162612,58.59
2019-03-14,16:30,58.63,58.67,58.61,58.64,5306.00,162612,58.63
2019-03-14,16:45,58.64,58.66,58.56,58.56,4165.00,162612,58.61
2019-03-14,17:00,58.57,58.60,58.46,58.51,5827.00,162612,58.52
2019-03-14,17:15,58.51,58.61,58.51,58.55,4027.00,162612,58.57
2019-03-14,17:30,58.55,58.56,58.47,58.47,3323.00,162612,58.51
2019-03-14,17:45,58.48,58.52,58.46,58.49,2575.00,162612,58.49
2019-03-14,18:00,58.50,58.52,58.20,58.33,12225.00,162612,58.30
2019-03-14,18:15,58.32,58.34,58.19,58.21,6791.00,162612,58.27
2019-03-14,18:30,58.21,58.26,58.07,58.14,8294.00,162612,58.15
2019-03-14,18:45,58.14,58.15,58.08,58.09,4780.00,162612,58.11
2019-03-14,19:00,58.09,58.17,58.00,58.14,8869.00,162612,58.09
2019-03-14,19:15,58.14,58.15,58.01,58.07,5367.00,162612,58.09
2019-03-14,19:30,58.07,58.12,58.02,58.10,4561.00,162612,58.07
2019-03-14,19:45,58.10,58.20,58.05,58.18,5550.00,162612,58.13
2019-03-14,20:00,58.18,58.31,58.16,58.30,12707.00,162612,58.23
2019-03-14,20:15,58.30,58.55,58.30,58.53,16876.00,162612,58.40
2019-03-14,20:30,58.53,58.65,58.47,58.61,18132.00,162612,58.58
2019-03-14,20:45,58.61,58.62,58.46,58.48,10155.00,162612,58.54
2019-03-14,21:00,58.48,58.61,58.38,58.41,25683.00,162612,58.49
2019-03-14,21:15,58.42,58.52,58.40,58.50,10419.00,162612,58.48
2019-03-14,21:30,58.51,58.64,58.44,58.57,22682.00,162612,58.57
2019-03-14,21:45,58.56,58.64,58.52,58.62,9524.00,161079,58.59
2019-03-14,22:00,58.62,58.74,58.54,58.60,23627.00,161079,58.65
2019-03-14,22:15,58.60,58.71,58.47,58.58,15643.00,161079,58.59
2019-03-14,22:30,58.57,58.59,58.43,58.54,16557.00,161079,58.52
2019-03-14,22:45,58.54,58.62,58.50,58.54,17004.00,161079,58.57
2019-03-14,23:00,58.53,58.58,58.46,58.58,11554.00,161079,58.53
2019-03-14,23:15,58.58,58.58,58.27,58.27,23208.00,161079,58.39
2019-03-14,23:30,58.28,58.42,58.12,58.33,25688.00,161079,58.28
2019-03-14,23:45,58.33,58.67,58.32,58.66,20882.00,161079,58.56
2019-03-15,00:00,58.66,58.72,58.51,58.56,16026.00,161079,58.60
2019-03-15,00:15,58.55,58.58,58.40,58.46,16781.00,161079,58.49
2019-03-15,00:30,58.46,58.61,58.46,58.58,11996.00,161079,58.54
2019-03-15,00:45,58.58,58.64,58.53,58.60,8242.00,161079,58.59
2019-03-15,01:00,58.60,58.60,58.49,58.52,8093.00,161079,58.55
2019-03-15,01:15,58.51,58.56,58.51,58.56,3964.00,161079,58.54
2019-03-15,01:30,58.56,58.56,58.46,58.55,7265.00,161079,58.51
2019-03-15,01:45,58.55,58.59,58.46,58.47,9024.00,161079,58.53
2019-03-15,02:00,58.48,58.55,58.43,58.45,9490.00,161079,58.49
2019-03-15,02:15,58.45,58.64,58.45,58.59,15085.00,161079,58.57
2019-03-15,02:30,58.60,58.61,58.55,58.57,7282.00,161079,58.57
2019-03-15,02:45,58.57,58.60,58.55,58.55,6393.00,161079,58.58
2019-03-15,03:00,58.55,58.58,58.53,58.53,2323.00,161079,58.56
2019-03-15,03:15,58.53,58.54,58.47,58.47,2606.00,161079,58.51
2019-03-15,03:30,58.47,58.53,58.45,58.53,2192.00,161079,58.49
2019-03-15,03:45,58.53,58.56,58.47,58.50,1962.00,161079,58.52
2019-03-15,04:00,58.50,58.56,58.47,58.55,725.00,161079,58.51
2019-03-15,04:15,58.55,58.55,58.48,58.49,625.00,161079,58.51
2019-03-15,04:30,58.50,58.51,58.47,58.47,681.00,161079,58.49
2019-03-15,04:45,58.47,58.55,58.47,58.53,2118.00,161079,58.51
2019-03-15,06:00,58.51,58.55,58.50,58.55,1108.00,161079,58.55
2019-03-15,06:15,58.56,58.63,58.56,58.59,547.00,161079,58.60
2019-03-15,06:30,58.60,58.60,58.57,58.59,142.00,161079,58.59
2019-03-15,06:45,58.58,58.59,58.55,58.55,153.00,161079,58.57
2019-03-15,07:00,58.55,58.58,58.55,58.57,143.00,161079,58.56
2019-03-15,07:15,58.57,58.57,58.53,58.56,221.00,161079,58.54
2019-03-15,07:30,58.55,58.58,58.54,58.56,228.00,161079,58.56
2019-03-15,07:45,58.57,58.57,58.53,58.55,151.00,161079,58.55
2019-03-15,08:00,58.55,58.58,58.52,58.55,639.00,161079,58.55
2019-03-15,08:15,58.54,58.55,58.51,58.53,376.00,161079,58.53
2019-03-15,08:30,58.53,58.55,58.52,58.55,357.00,161079,58.53
2019-03-15,08:45,58.56,58.56,58.53,58.55,433.00,143295,58.55
2019-03-15,09:00,58.55,58.62,58.49,58.51,2146.00,143295,58.56
2019-03-15,09:15,58.51,58.59,58.50,58.54,1700.00,143295,58.54
2019-03-15,09:30,58.55,58.56,58.50,58.51,877.00,143295,58.53
2019-03-15,09:45,58.52,58.58,58.49,58.56,1109.00,143295,58.53
2019-03-15,10:00,58.56,58.60,58.55,58.57,961.00,143295,58.57
2019-03-15,10:15,58.57,58.59,58.56,58.59,278.00,143295,58.57
2019-03-15,10:30,58.59,58.61,58.56,58.59,698.00,143295,58.59
2019-03-15,10:45,58.59,58.66,58.56,58.66,2552.00,143295,58.63
2019-03-15,11:00,58.66,58.67,58.61,58.62,2775.00,143295,58.64
2019-03-15,11:15,58.62,58.63,58.58,58.58,2827.00,143295,58.60
2019-03-15,11:30,58.58,58.60,58.57,58.58,583.00,143295,58.58
2019-03-15,11:45,58.58,58.62,58.58,58.60,327.00,143295,58.60
2019-03-15,12:00,58.60,58.61,58.59,58.61,357.00,143295,58.60
2019-03-15,12:15,58.61,58.66,58.61,58.64,754.00,143295,58.64
2019-03-15,12:30,58.64,58.64,58.61,58.62,180.00,143295,58.62
2019-03-15,12:45,58.62,58.63,58.61,58.62,224.00,143295,58.62
2019-03-15,13:00,58.62,58.65,58.59,58.60,380.00,143295,58.62
2019-03-15,13:15,58.60,58.63,58.59,58.62,332.00,143295,58.61
2019-03-15,13:30,58.63,58.65,58.60,58.61,611.00,143295,58.62
2019-03-15,13:45,58.61,58.62,58.57,58.58,625.00,143295,58.60
2019-03-15,14:00,58.59,58.78,58.57,58.71,2732.00,143295,58.69
2019-03-15,14:15,58.71,58.72,58.68,58.72,938.00,143295,58.70
2019-03-15,14:30,58.71,58.79,58.71,58.74,2132.00,143295,58.76
2019-03-15,14:45,58.74,58.78,58.73,58.75,1048.00,143295,58.75
2019-03-15,15:00,58.75,58.84,58.73,58.80,1906.00,143295,58.78
2019-03-15,15:15,58.80,58.81,58.76,58.80,1340.00,143295,58.79
2019-03-15,15:30,58.80,58.84,58.75,58.75,1989.00,143295,58.80
2019-03-15,15:45,58.75,58.81,58.71,58.80,2184.00,143295,58.76
2019-03-15,16:00,58.81,58.92,58.80,58.89,4553.00,143295,58.86
2019-03-15,16:15,58.89,58.95,58.84,58.91,6731.00,143295,58.91
2019-03-15,16:30,58.91,58.92,58.78,58.81,4222.00,143295,58.84
2019-03-15,16:45,58.82,58.84,58.72,58.79,3911.00,143295,58.79
2019-03-15,17:00,58.79,58.81,58.65,58.80,5599.00,143295,58.75
2019-03-15,17:15,58.79,58.88,58.72,58.88,2806.00,143295,58.79
2019-03-15,17:30,58.88,58.89,58.72,58.79,2946.00,143295,58.82
2019-03-15,17:45,58.79,58.85,58.74,58.80,3199.00,143295,58.80
2019-03-15,18:00,58.80,58.80,58.63,58.69,5810.00,143295,58.69
2019-03-15,18:15,58.69,58.75,58.63,58.68,3337.00,143295,58.70
2019-03-15,18:30,58.68,58.68,58.46,58.56,10925.00,143295,58.55
2019-03-15,18:45,58.56,58.66,58.46,58.60,5906.00,143295,58.56
2019-03-15,19:00,58.59,58.67,58.54,58.59,4158.00,143295,58.62
2019-03-15,19:15,58.58,58.66,58.53,58.59,4048.00,143295,58.59
2019-03-15,19:30,58.60,58.63,58.48,58.53,4531.00,143295,58.55
2019-03-15,19:45,58.53,58.56,58.47,58.47,3383.00,143295,58.52
2019-03-15,20:00,58.46,58.46,58.24,58.32,16447.00,143295,58.32
2019-03-15,20:15,58.32,58.32,58.18,58.25,8488.00,143295,58.26
2019-03-15,20:30,58.25,58.30,58.19,58.23,7819.00,143295,58.26
2019-03-15,20:45,58.23,58.23,58.05,58.14,9339.00,143295,58.13
2019-03-15,21:00,58.14,58.29,57.74,57.85,39923.00,143295,57.97
2019-03-15,21:15,57.84,57.99,57.74,57.89,19542.00,134939,57.90
2019-03-15,21:30,57.88,58.07,57.85,58.05,15057.00,134939,57.98
2019-03-15,21:45,58.05,58.20,58.02,58.16,14570.00,134939,58.12
2019-03-15,22:00,58.16,58.20,57.99,57.99,13960.00,134939,58.11
2019-03-15,22:15,57.99,58.27,57.79,58.26,21104.00,134939,58.05
2019-03-15,22:30,58.26,58.31,58.05,58.21,19416.00,134939,58.19
2019-03-15,22:45,58.22,58.37,58.12,58.33,14759.00,134939,58.25
2019-03-15,23:00,58.34,58.43,58.30,58.41,14623.00,134939,58.37
2019-03-15,23:15,58.41,58.45,58.33,58.39,8636.00,134939,58.39
2019-03-15,23:30,58.39,58.39,58.18,58.34,14254.00,134939,58.29
2019-03-15,23:45,58.35,58.46,58.31,58.43,10918.00,134939,58.40
2019-03-16,00:00,58.43,58.53,58.33,58.45,9908.00,134939,58.44
2019-03-16,00:15,58.44,58.50,58.37,58.39,7090.00,134939,58.43
2019-03-16,00:30,58.38,58.64,58.36,58.63,12163.00,134939,58.51
2019-03-16,00:45,58.63,58.63,58.48,58.53,6820.00,134939,58.55
2019-03-16,01:00,58.54,58.58,58.46,58.50,11142.00,134939,58.53
2019-03-16,01:15,58.50,58.56,58.38,58.46,10475.00,134939,58.47
2019-03-16,01:30,58.45,58.55,58.42,58.51,9780.00,134939,58.47
2019-03-16,01:45,58.51,58.57,58.46,58.57,5784.00,134939,58.51
2019-03-16,02:00,58.56,58.57,58.46,58.47,7393.00,134939,58.51
2019-03-16,02:15,58.47,58.59,58.46,58.50,20735.00,134939,58.52
2019-03-16,02:30,58.50,58.50,58.36,58.39,10108.00,134939,58.42
2019-03-16,02:45,58.39,58.41,58.37,58.41,2975.00,134939,58.39
2019-03-16,03:00,58.41,58.42,58.39,58.41,2790.00,134939,58.41
2019-03-16,03:15,58.41,58.44,58.41,58.44,3106.00,134939,58.43
2019-03-16,03:30,58.44,58.45,58.40,58.42,1416.00,134939,58.43
2019-03-16,03:45,58.42,58.45,58.40,58.42,1413.00,134939,58.42
2019-03-16,04:00,58.41,58.43,58.40,58.42,1004.00,134939,58.42
2019-03-16,04:15,58.42,58.43,58.40,58.41,637.00,134939,58.42
2019-03-16,04:30,58.42,58.42,58.35,58.39,1038.00,134939,58.38
2019-03-16,04:45,58.39,58.43,58.36,58.39,877.00,134939,58.38
2019-03-18,06:00,58.45,58.56,58.40,58.53,1084.00,134939,58.49
2019-03-18,06:15,58.53,58.55,58.52,58.53,160.00,134939,58.54
2019-03-18,06:30,58.53,58.56,58.48,58.48,272.00,134939,58.51
2019-03-18,06:45,58.49,58.51,58.48,58.51,114.00,134939,58.50
2019-03-18,07:00,58.51,58.51,58.42,58.48,316.00,134939,58.47
2019-03-18,07:15,58.47,58.48,58.46,58.47,78.00,134939,58.47
2019-03-18,07:30,58.47,58.47,58.44,58.45,119.00,134939,58.46
2019-03-18,07:45,58.46,58.50,58.45,58.45,195.00,134939,58.47
2019-03-18,08:00,58.45,58.45,58.39,58.40,524.00,134939,58.43
2019-03-18,08:15,58.40,58.40,58.35,58.35,392.00,134939,58.38
2019-03-18,08:30,58.35,58.42,58.32,58.38,554.00,134939,58.36
2019-03-18,08:45,58.38,58.38,58.34,58.34,204.00,134939,58.36
2019-03-18,09:00,58.33,58.33,58.17,58.24,1693.00,134939,58.25
2019-03-18,09:15,58.24,58.30,58.22,58.27,400.00,134939,58.27
2019-03-18,09:30,58.27,58.32,58.24,58.25,365.00,134939,58.28
2019-03-18,09:45,58.25,58.34,58.25,58.30,489.00,134939,58.31
2019-03-18,10:00,58.30,58.35,58.28,58.32,794.00,134939,58.32
2019-03-18,10:15,58.32,58.35,58.28,58.31,351.00,134939,58.32
2019-03-18,10:30,58.31,58.34,58.27,58.33,271.00,134939,58.31
2019-03-18,10:45,58.34,58.42,58.33,58.41,348.00,134939,58.37
2019-03-18,11:00,58.41,58.42,58.32,58.35,243.00,134939,58.36
2019-03-18,11:15,58.35,58.37,58.32,58.33,185.00,134939,58.35
2019-03-18,11:30,58.33,58.37,58.32,58.33,159.00,134939,58.34
2019-03-18,11:45,58.32,58.32,58.29,58.31,165.00,134939,58.31
2019-03-18,12:00,58.30,58.33,58.28,58.30,151.00,134939,58.30
2019-03-18,12:15,58.30,58.30,58.26,58.27,287.00,134939,58.28
2019-03-18,12:30,58.27,58.30,58.26,58.30,46.00,134939,58.28
2019-03-18,12:45,58.30,58.31,58.29,58.31,45.00,134939,58.30
2019-03-18,13:00,58.31,58.32,58.26,58.28,243.00,134939,58.29
2019-03-18,13:15,58.28,58.30,58.27,58.29,110.00,134939,58.28
2019-03-18,13:30,58.29,58.31,58.24,58.28,245.00,134939,58.27
2019-03-18,13:45,58.28,58.35,58.26,58.34,1021.00,134939,58.28
2019-03-18,14:00,58.35,58.44,58.35,58.40,624.00,115694,58.39
2019-03-18,14:15,58.40,58.45,58.37,58.42,494.00,115694,58.41
2019-03-18,14:30,58.42,58.49,58.39,58.48,582.00,115694,58.45
2019-03-18,14:45,58.49,58.50,58.41,58.42,376.00,115694,58.46
2019-03-18,15:00,58.42,58.45,58.38,58.40,862.00,115694,58.41
2019-03-18,15:15,58.41,58.43,58.34,58.43,1328.00,115694,58.39
2019-03-18,15:30,58.44,58.47,58.39,58.45,469.00,115694,58.44
2019-03-18,15:45,58.45,58.48,58.38,58.42,503.00,115694,58.42
2019-03-18,16:00,58.42,58.55,58.38,58.48,1650.00,115694,58.47
2019-03-18,16:15,58.47,58.51,58.42,58.43,797.00,115694,58.48
2019-03-18,16:30,58.44,58.56,58.42,58.45,754.00,115694,58.48
2019-03-18,16:45,58.44,58.47,58.29,58.30,1605.00,115694,58.39
2019-03-18,17:00,58.30,58.31,58.13,58.22,2325.00,115694,58.23
2019-03-18,17:15,58.22,58.22,58.07,58.17,1848.00,115694,58.14
2019-03-18,17:30,58.17,58.18,58.05,58.12,977.00,115694,58.11
2019-03-18,17:45,58.13,58.30,58.11,58.27,1190.00,115694,58.22
2019-03-18,18:00,58.26,58.29,58.16,58.16,715.00,115694,58.24
2019-03-18,18:15,58.17,58.20,58.13,58.16,803.00,115694,58.17
2019-03-18,18:30,58.16,58.42,58.16,58.40,1895.00,115694,58.32
2019-03-18,18:45,58.40,58.44,58.25,58.28,3322.00,115694,58.36
2019-03-18,19:00,58.27,58.48,58.27,58.42,1583.00,115694,58.38
2019-03-18,19:15,58.42,58.47,58.41,58.45,509.00,115694,58.44
2019-03-18,19:30,58.46,58.58,58.38,58.54,3371.00,115694,58.50
2019-03-18,19:45,58.54,58.63,58.52,58.59,1361.00,115694,58.57
2019-03-18,20:00,58.59,58.62,58.53,58.58,1382.00,115694,58.59
2019-03-18,20:15,58.58,58.68,58.54,58.55,1596.00,115694,58.61
2019-03-18,20:30,58.54,58.68,58.54,58.66,3610.00,115694,58.64
2019-03-18,20:45,58.66,58.72,58.60,58.71,1491.00,115694,58.65
2019-03-18,21:00,58.71,58.73,58.57,58.64,4382.00,115694,58.64
2019-03-18,21:15,58.63,58.73,58.52,58.56,2776.00,98719,58.61
2019-03-18,21:30,58.56,58.60,58.45,58.58,2615.00,98719,58.53
2019-03-18,21:45,58.59,58.75,58.46,58.74,3038.00,98719,58.57
2019-03-18,22:00,58.75,59.02,58.75,58.94,10780.00,98719,58.86
2019-03-18,22:15,58.95,59.17,58.94,59.06,4664.00,98719,59.07
2019-03-18,22:30,59.06,59.12,58.99,59.09,4728.00,98719,59.07
2019-03-18,22:45,59.10,59.20,59.07,59.18,3943.00,98719,59.16
2019-03-18,23:00,59.17,59.23,59.10,59.14,3301.00,98719,59.16
2019-03-18,23:15,59.14,59.14,58.92,59.00,7318.00,98719,59.07
2019-03-18,23:30,59.00,59.03,58.89,58.99,2923.00,98719,58.96
2019-03-18,23:45,58.99,59.03,58.93,58.95,1351.00,98719,58.97
2019-03-19,00:00,58.95,59.01,58.93,58.96,1207.00,98719,58.97
2019-03-19,00:15,58.96,59.06,58.92,58.94,3682.00,98719,58.99
2019-03-19,00:30,58.94,59.05,58.92,59.01,2065.00,98719,58.99
2019-03-19,00:45,59.00,59.08,58.93,59.06,2893.00,98719,59.00
2019-03-19,01:00,59.06,59.07,59.01,59.06,1791.00,98719,59.05
2019-03-19,01:15,59.06,59.10,59.05,59.07,914.00,98719,59.07
2019-03-19,01:30,59.05,59.15,59.05,59.10,3987.00,98719,59.09
2019-03-19,01:45,59.10,59.14,59.07,59.11,8858.00,98719,59.11
2019-03-19,02:00,59.11,59.14,58.99,59.04,1738.00,98719,59.08
2019-03-19,02:15,59.05,59.17,59.01,59.03,9630.00,98719,59.09
2019-03-19,02:30,59.04,59.05,59.00,59.02,1326.00,98719,59.02
2019-03-19,02:45,59.02,59.03,58.97,59.01,1614.00,98719,59.00
2019-03-19,03:00,59.02,59.04,58.99,59.00,481.00,98719,59.02
2019-03-19,03:15,59.01,59.05,58.95,58.98,881.00,98719,59.02
2019-03-19,03:30,58.98,59.05,58.98,59.04,288.00,98719,59.01
2019-03-19,03:45,59.05,59.06,58.93,58.99,666.00,98719,59.01
2019-03-19,04:00,58.99,59.00,58.94,58.97,238.00,98719,58.96
2019-03-19,04:15,58.97,58.98,58.94,58.96,340.00,98719,58.96
2019-03-19,04:30,58.96,59.02,58.95,58.99,461.00,98719,58.97
2019-03-19,04:45,58.99,59.02,58.97,58.97,601.00,98719,58.99
2019-03-19,06:00,59.01,59.02,58.98,59.00,312.00,98719,59.00
2019-03-19,06:15,58.98,59.03,58.98,59.02,59.00,98719,59.02
2019-03-19,06:30,59.02,59.02,58.97,58.97,29.00,98719,58.99
2019-03-19,06:45,58.96,58.99,58.96,58.98,28.00,98719,58.98
2019-03-19,07:00,58.98,59.03,58.98,59.03,39.00,98719,59.00
2019-03-19,07:15,59.03,59.05,59.00,59.02,73.00,98719,59.02
2019-03-19,07:30,59.03,59.06,59.03,59.05,53.00,98719,59.05
2019-03-19,07:45,59.05,59.07,59.03,59.07,47.00,98719,59.05
2019-03-19,08:00,59.05,59.05,58.96,58.99,84.00,98719,59.00
2019-03-19,08:15,58.99,59.05,58.99,59.03,48.00,98719,59.03
2019-03-19,08:30,59.04,59.06,59.04,59.06,87.00,98719,59.05
2019-03-19,08:45,59.05,59.05,59.05,59.05,20.00,98719,59.05
