2019-07-11,19:30,60.60,60.71,60.55,60.69,5137.00,224273,60.62
2019-07-11,19:45,60.69,60.74,60.62,60.66,3937.00,224273,60.68
2019-07-11,20:00,60.65,60.69,60.62,60.63,4117.00,224273,60.65
2019-07-11,20:15,60.63,60.65,60.50,60.53,6361.00,224273,60.57
2019-07-11,20:30,60.54,60.57,60.45,60.53,8380.00,224273,60.52
2019-07-11,20:45,60.53,60.59,60.38,60.55,14650.00,224273,60.50
2019-07-11,21:00,60.54,60.75,60.47,60.53,24713.00,224273,60.63
2019-07-11,21:15,60.52,60.63,60.44,60.55,11760.00,215505,60.54
2019-07-11,21:30,60.54,60.79,60.50,60.67,18170.00,215505,60.66
2019-07-11,21:45,60.67,60.79,60.61,60.68,14229.00,215505,60.69
2019-07-11,22:00,60.68,60.80,60.41,60.51,25309.00,215505,60.57
2019-07-11,22:15,60.51,60.60,60.29,60.39,17435.00,215505,60.44
2019-07-11,22:30,60.40,60.56,60.26,60.32,18407.00,215505,60.40
2019-07-11,22:45,60.32,60.55,60.30,60.52,17244.00,215505,60.44
2019-07-11,23:00,60.53,60.65,60.46,60.60,19097.00,215505,60.57
2019-07-11,23:15,60.62,60.79,60.60,60.65,21590.00,215505,60.69
2019-07-11,23:30,60.65,60.83,60.64,60.76,12506.00,215505,60.74
2019-07-11,23:45,60.76,60.86,60.72,60.74,13163.00,215505,60.80
2019-07-12,00:00,60.73,60.82,60.73,60.81,6815.00,215505,60.78
2019-07-12,00:15,60.81,60.81,60.67,60.70,7312.00,215505,60.73
2019-07-12,00:30,60.70,60.71,60.59,60.61,6359.00,215505,60.66
2019-07-12,00:45,60.61,60.65,60.42,60.45,9006.00,215505,60.51
2019-07-12,01:00,60.46,60.46,60.22,60.39,13398.00,215505,60.34
2019-07-12,01:15,60.39,60.43,60.31,60.32,5768.00,215505,60.38
2019-07-12,01:30,60.32,60.43,60.29,60.41,5918.00,215505,60.37
2019-07-12,01:45,60.41,60.41,60.14,60.21,13858.00,215505,60.25
2019-07-12,02:00,60.20,60.36,60.20,60.32,16999.00,215505,60.31
2019-07-12,02:15,60.32,60.35,60.14,60.21,27873.00,215505,60.21
2019-07-12,02:30,60.20,60.45,60.19,60.44,12285.00,215505,60.31
2019-07-12,02:45,60.44,60.45,60.25,60.28,3368.00,215505,60.35
2019-07-12,03:00,60.29,60.38,60.27,60.38,1893.00,215505,60.34
2019-07-12,03:15,60.37,60.40,60.36,60.38,951.00,215505,60.38
2019-07-12,03:30,60.39,60.44,60.35,60.37,1349.00,215505,60.40
2019-07-12,03:45,60.37,60.48,60.37,60.46,1945.00,215505,60.44
2019-07-12,04:00,60.47,60.49,60.40,60.44,1562.00,215505,60.46
2019-07-12,04:15,60.45,60.49,60.44,60.46,714.00,215505,60.46
2019-07-12,04:30,60.47,60.48,60.43,60.45,1144.00,215505,60.46
2019-07-12,04:45,60.44,60.46,60.37,60.43,1036.00,215505,60.42
2019-07-12,06:00,60.46,60.47,60.29,60.35,864.00,215505,60.39
2019-07-12,06:15,60.35,60.37,60.35,60.36,131.00,215505,60.36
2019-07-12,06:30,60.37,60.40,60.34,60.37,284.00,215505,60.37
2019-07-12,06:45,60.37,60.39,60.34,60.37,237.00,215505,60.36
2019-07-12,07:00,60.37,60.38,60.35,60.36,240.00,215505,60.37
2019-07-12,07:15,60.35,60.42,60.35,60.40,329.00,215505,60.39
2019-07-12,07:30,60.41,60.43,60.36,60.38,257.00,215505,60.40
2019-07-12,07:45,60.38,60.43,60.38,60.42,304.00,215505,60.41
2019-07-12,08:00,60.43,60.51,60.41,60.44,1344.00,215505,60.46
2019-07-12,08:15,60.44,60.47,60.41,60.43,506.00,215505,60.44
2019-07-12,08:30,60.43,60.48,60.42,60.46,443.00,215505,60.46
2019-07-12,08:45,60.46,60.60,60.46,60.58,1757.00,215505,60.55
2019-07-12,09:00,60.58,60.64,60.54,60.56,2700.00,215505,60.59
2019-07-12,09:15,60.57,60.57,60.48,60.50,1573.00,215505,60.52
2019-07-12,09:30,60.50,60.59,60.49,60.56,1876.00,210821,60.55
2019-07-12,09:45,60.56,60.57,60.50,60.53,995.00,210821,60.54
2019-07-12,10:00,60.53,60.59,60.52,60.58,857.00,210821,60.55
2019-07-12,10:15,60.58,60.60,60.56,60.59,569.00,210821,60.58
2019-07-12,10:30,60.60,60.60,60.53,60.57,900.00,210821,60.57
2019-07-12,10:45,60.57,60.57,60.46,60.50,1781.00,210821,60.50
2019-07-12,11:00,60.49,60.54,60.46,60.51,1185.00,210821,60.51
2019-07-12,11:15,60.52,60.55,60.51,60.54,1219.00,210821,60.53
2019-07-12,11:30,60.54,60.57,60.54,60.54,382.00,210821,60.55
2019-07-12,11:45,60.54,60.62,60.54,60.57,1195.00,210821,60.59
2019-07-12,12:00,60.57,60.58,60.53,60.54,309.00,210821,60.56
2019-07-12,12:15,60.54,60.56,60.53,60.54,300.00,210821,60.54
2019-07-12,12:30,60.54,60.54,60.52,60.54,442.00,210821,60.53
2019-07-12,12:45,60.55,60.55,60.51,60.52,493.00,210821,60.53
2019-07-12,13:00,60.51,60.58,60.51,60.57,447.00,210821,60.56
2019-07-12,13:15,60.57,60.60,60.57,60.60,621.00,210821,60.58
2019-07-12,13:30,60.59,60.62,60.57,60.62,1571.00,210821,60.60
2019-07-12,13:45,60.62,60.62,60.55,60.62,1070.00,210821,60.59
2019-07-12,14:00,60.62,60.64,60.59,60.61,827.00,210821,60.62
2019-07-12,14:15,60.61,60.67,60.60,60.62,1334.00,210821,60.64
2019-07-12,14:30,60.62,60.70,60.59,60.65,2055.00,210821,60.65
2019-07-12,14:45,60.65,60.67,60.62,60.64,1127.00,210821,60.64
2019-07-12,15:00,60.64,60.66,60.58,60.61,2322.00,210821,60.62
2019-07-12,15:15,60.62,60.64,60.56,60.57,2020.00,210821,60.60
2019-07-12,15:30,60.57,60.66,60.57,60.64,1812.00,210821,60.63
2019-07-12,15:45,60.64,60.70,60.62,60.66,2036.00,210821,60.66
2019-07-12,16:00,60.66,60.73,60.58,60.69,5528.00,210821,60.67
2019-07-12,16:15,60.70,60.74,60.62,60.66,6917.00,210821,60.69
2019-07-12,16:30,60.67,60.74,60.65,60.69,4905.00,210821,60.70
2019-07-12,16:45,60.68,60.72,60.63,60.69,3344.00,210821,60.68
2019-07-12,17:00,60.70,60.74,60.68,60.69,3032.00,210821,60.71
2019-07-12,17:15,60.70,60.72,60.67,60.68,1399.00,210821,60.69
2019-07-12,17:30,60.68,60.70,60.49,60.52,4798.00,210821,60.60
2019-07-12,17:45,60.52,60.54,60.36,60.39,7535.00,210821,60.42
2019-07-12,18:00,60.39,60.47,60.34,60.46,4297.00,210821,60.41
2019-07-12,18:15,60.46,60.51,60.32,60.37,3768.00,210821,60.40
2019-07-12,18:30,60.37,60.39,60.24,60.29,5005.00,210821,60.30
2019-07-12,18:45,60.29,60.32,60.21,60.31,3772.00,210821,60.27
2019-07-12,19:00,60.31,60.38,60.30,60.36,2535.00,210821,60.34
2019-07-12,19:15,60.36,60.36,60.23,60.32,2626.00,210821,60.31
2019-07-12,19:30,60.32,60.34,60.19,60.26,4244.00,210821,60.24
2019-07-12,19:45,60.26,60.31,60.23,60.25,1986.00,210821,60.27
2019-07-12,20:00,60.26,60.32,60.19,60.27,4183.00,210821,60.27
2019-07-12,20:15,60.27,60.33,60.14,60.25,12271.00,210821,60.24
2019-07-12,20:30,60.25,60.33,60.24,60.30,7039.00,210821,60.28
2019-07-12,20:45,60.31,60.31,60.11,60.21,10030.00,210821,60.19
2019-07-12,21:00,60.22,60.36,60.14,60.26,14636.00,210821,60.27
2019-07-12,21:15,60.26,60.37,60.23,60.24,9029.00,199666,60.30
2019-07-12,21:30,60.25,60.25,59.93,60.20,33478.00,199666,60.08
2019-07-12,21:45,60.20,60.47,60.19,60.40,24240.00,199666,60.37
2019-07-12,22:00,60.40,60.45,60.32,60.39,11942.00,199666,60.39
2019-07-12,22:15,60.39,60.45,60.22,60.33,16877.00,199666,60.35
2019-07-12,22:30,60.33,60.43,60.20,60.20,12786.00,199666,60.30
2019-07-12,22:45,60.20,60.34,60.15,60.30,11945.00,199666,60.25
2019-07-12,23:00,60.31,60.40,60.24,60.36,11105.00,199666,60.33
2019-07-12,23:15,60.37,60.45,60.23,60.29,14409.00,199666,60.32
2019-07-12,23:30,60.30,60.45,60.25,60.40,10295.00,199666,60.37
2019-07-12,23:45,60.41,60.45,60.34,60.43,5364.00,199666,60.38
2019-07-13,00:00,60.44,60.61,60.35,60.55,19982.00,199666,60.50
2019-07-13,00:15,60.55,60.62,60.51,60.59,6913.00,199666,60.56
2019-07-13,00:30,60.59,60.62,60.52,60.54,4872.00,199666,60.58
2019-07-13,00:45,60.54,60.56,60.43,60.44,7856.00,199666,60.49
2019-07-13,01:00,60.45,60.52,60.36,60.39,12285.00,199666,60.45
2019-07-13,01:15,60.39,60.41,60.34,60.40,3725.00,199666,60.39
2019-07-13,01:30,60.41,60.41,60.26,60.29,4959.00,199666,60.32
2019-07-13,01:45,60.29,60.37,60.21,60.31,7333.00,199666,60.29
2019-07-13,02:00,60.31,60.33,60.17,60.26,17852.00,199666,60.23
2019-07-13,02:15,60.26,60.29,60.13,60.16,21280.00,199666,60.21
2019-07-13,02:30,60.17,60.29,60.16,60.26,8405.00,199666,60.22
2019-07-13,02:45,60.27,60.34,60.26,60.32,1900.00,199666,60.30
2019-07-13,03:00,60.32,60.33,60.26,60.27,1873.00,199666,60.29
2019-07-13,03:15,60.27,60.29,60.23,60.25,1610.00,199666,60.27
2019-07-13,03:30,60.24,60.32,60.23,60.26,1910.00,199666,60.28
2019-07-13,03:45,60.27,60.27,60.18,60.25,3224.00,199666,60.23
2019-07-13,04:00,60.26,60.30,60.22,60.29,2245.00,199666,60.25
2019-07-13,04:15,60.29,60.39,60.29,60.29,1268.00,199666,60.33
2019-07-13,04:30,60.29,60.34,60.28,60.32,1283.00,199666,60.32
2019-07-13,04:45,60.33,60.39,60.32,60.39,1304.00,199666,60.35
2019-07-15,06:00,60.25,60.36,60.15,60.22,3530.00,199666,60.24
2019-07-15,06:15,60.22,60.28,60.21,60.26,354.00,199666,60.25
2019-07-15,06:30,60.26,60.31,60.21,60.22,613.00,199666,60.26
2019-07-15,06:45,60.22,60.26,60.22,60.22,209.00,199666,60.23
2019-07-15,07:00,60.22,60.25,60.18,60.23,495.00,199666,60.21
2019-07-15,07:15,60.23,60.27,60.21,60.22,263.00,199666,60.24
2019-07-15,07:30,60.22,60.23,60.10,60.15,851.00,199666,60.15
2019-07-15,07:45,60.15,60.15,60.09,60.12,814.00,199666,60.12
2019-07-15,08:00,60.13,60.19,60.12,60.15,1086.00,199666,60.15
2019-07-15,08:15,60.14,60.19,60.13,60.17,444.00,199666,60.16
2019-07-15,08:30,60.18,60.20,60.15,60.17,1754.00,199666,60.17
2019-07-15,08:45,60.17,60.19,60.16,60.17,953.00,199666,60.18
2019-07-15,09:00,60.17,60.20,60.03,60.06,2564.00,199666,60.11
2019-07-15,09:15,60.06,60.06,59.87,60.02,5629.00,187753,59.95
2019-07-15,09:30,60.03,60.06,59.95,60.05,4209.00,187753,60.01
2019-07-15,09:45,60.05,60.06,59.94,59.96,3457.00,187753,60.02
2019-07-15,10:00,59.96,59.99,59.93,59.97,1847.00,187753,59.97
2019-07-15,10:15,59.97,59.97,59.89,59.92,1740.00,187753,59.93
2019-07-15,10:30,59.92,59.94,59.85,59.89,2140.00,187753,59.89
2019-07-15,10:45,59.89,59.98,59.89,59.98,1289.00,187753,59.95
2019-07-15,11:00,59.98,59.99,59.95,59.97,1088.00,187753,59.97
2019-07-15,11:15,59.98,60.03,59.95,60.02,1043.00,187753,59.99
2019-07-15,11:30,60.01,60.06,60.00,60.04,1267.00,187753,60.03
2019-07-15,11:45,60.04,60.07,60.03,60.07,552.00,187753,60.05
2019-07-15,12:00,60.07,60.07,60.03,60.04,442.00,187753,60.05
2019-07-15,12:15,60.04,60.07,60.02,60.04,431.00,187753,60.05
2019-07-15,12:30,60.04,60.07,60.02,60.06,280.00,187753,60.04
2019-07-15,12:45,60.06,60.07,60.05,60.06,249.00,187753,60.06
2019-07-15,13:00,60.06,60.06,59.98,59.98,912.00,187753,60.01
2019-07-15,13:15,59.98,59.99,59.95,59.99,718.00,187753,59.97
2019-07-15,13:30,59.99,60.02,59.93,59.94,983.00,187753,59.97
2019-07-15,13:45,59.93,59.99,59.93,59.96,876.00,187753,59.95
2019-07-15,14:00,59.96,59.98,59.94,59.97,622.00,187753,59.97
2019-07-15,14:15,59.97,59.99,59.91,59.99,1023.00,187753,59.95
2019-07-15,14:30,59.98,60.08,59.96,60.06,1816.00,187753,60.02
2019-07-15,14:45,60.07,60.17,60.06,60.14,2973.00,187753,60.13
2019-07-15,15:00,60.14,60.26,60.13,60.22,3499.00,187753,60.21
2019-07-15,15:15,60.23,60.23,60.16,60.23,2437.00,187753,60.20
2019-07-15,15:30,60.23,60.24,60.15,60.17,2191.00,187753,60.19
2019-07-15,15:45,60.17,60.18,60.13,60.17,2364.00,187753,60.16
2019-07-15,16:00,60.18,60.29,60.12,60.15,3748.00,187753,60.19
2019-07-15,16:15,60.15,60.21,59.94,59.96,5283.00,187753,60.08
2019-07-15,16:30,59.97,60.13,59.94,60.10,5220.00,187753,60.05
2019-07-15,16:45,60.09,60.18,60.01,60.17,3158.00,187753,60.09
2019-07-15,17:00,60.17,60.40,60.16,60.36,7700.00,187753,60.29
2019-07-15,17:15,60.36,60.45,60.35,60.41,4545.00,187753,60.41
2019-07-15,17:30,60.42,60.46,60.34,60.34,4937.00,187753,60.40
2019-07-15,17:45,60.35,60.37,60.29,60.35,3183.00,187753,60.34
2019-07-15,18:00,60.36,60.47,60.31,60.41,3269.00,187753,60.40
2019-07-15,18:15,60.41,60.47,60.38,60.43,3544.00,187753,60.41
2019-07-15,18:30,60.42,60.44,60.40,60.41,1378.00,187753,60.42
2019-07-15,18:45,60.40,60.51,60.40,60.51,2084.00,187753,60.44
2019-07-15,19:00,60.51,60.52,60.39,60.41,3915.00,187753,60.47
2019-07-15,19:15,60.41,60.47,60.37,60.39,1711.00,187753,60.42
2019-07-15,19:30,60.39,60.41,60.33,60.37,3820.00,187753,60.37
2019-07-15,19:45,60.37,60.45,60.36,60.44,2283.00,187753,60.41
2019-07-15,20:00,60.44,60.45,60.32,60.33,3836.00,187753,60.39
2019-07-15,20:15,60.33,60.40,60.30,60.37,4703.00,187753,60.34
2019-07-15,20:30,60.37,60.49,60.36,60.49,3878.00,187753,60.42
2019-07-15,20:45,60.49,60.51,60.39,60.46,8237.00,187753,60.46
2019-07-15,21:00,60.46,60.92,60.36,60.83,29075.00,187753,60.70
2019-07-15,21:15,60.83,60.91,60.70,60.70,17147.00,179768,60.80
2019-07-15,21:30,60.70,60.73,60.46,60.52,29782.00,179768,60.57
2019-07-15,21:45,60.52,60.53,60.06,60.20,41837.00,179768,60.22
2019-07-15,22:00,60.19,60.43,60.19,60.33,19510.00,179768,60.32
2019-07-15,22:15,60.33,60.51,60.30,60.45,12363.00,179768,60.42
2019-07-15,22:30,60.45,60.48,60.22,60.25,11762.00,179768,60.34
2019-07-15,22:45,60.25,60.34,60.11,60.23,15857.00,179768,60.23
2019-07-15,23:00,60.23,60.25,60.08,60.14,12768.00,179768,60.17
2019-07-15,23:15,60.14,60.26,60.07,60.13,12188.00,179768,60.15
2019-07-15,23:30,60.13,60.34,59.96,59.98,25521.00,179768,60.19
2019-07-15,23:45,59.98,59.98,59.55,59.74,34090.00,179768,59.70
2019-07-16,00:00,59.74,59.85,59.69,59.82,10148.00,179768,59.77
2019-07-16,00:15,59.81,59.90,59.64,59.66,11933.00,179768,59.77
2019-07-16,00:30,59.67,59.73,59.51,59.62,13166.00,179768,59.63
2019-07-16,00:45,59.62,59.64,59.39,59.51,14246.00,179768,59.50
2019-07-16,01:00,59.52,59.70,59.52,59.61,14311.00,179768,59.63
2019-07-16,01:15,59.62,59.70,59.56,59.60,4859.00,179768,59.64
2019-07-16,01:30,59.59,59.69,59.54,59.59,6739.00,179768,59.62
2019-07-16,01:45,59.59,59.66,59.52,59.55,5726.00,179768,59.59
2019-07-16,02:00,59.55,59.66,59.53,59.57,7768.00,179768,59.59
2019-07-16,02:15,59.58,59.66,59.39,59.52,24580.00,179768,59.54
2019-07-16,02:30,59.53,59.54,59.35,59.38,10327.00,179768,59.45
2019-07-16,02:45,59.39,59.47,59.38,59.45,2680.00,179768,59.44
2019-07-16,03:00,59.45,59.50,59.40,59.43,3538.00,179768,59.43
2019-07-16,03:15,59.43,59.45,59.39,59.39,2045.00,179768,59.43
2019-07-16,03:30,59.40,59.44,59.39,59.42,1719.00,179768,59.41
2019-07-16,03:45,59.42,59.43,59.20,59.27,3822.00,179768,59.32
2019-07-16,04:00,59.27,59.33,59.25,59.26,1581.00,179768,59.29
2019-07-16,04:15,59.26,59.31,59.25,59.30,749.00,179768,59.28
2019-07-16,04:30,59.31,59.36,59.27,59.29,792.00,179768,59.32
2019-07-16,04:45,59.29,59.34,59.27,59.31,1725.00,179768,59.30
2019-07-16,06:00,59.28,59.32,59.18,59.30,1262.00,179768,59.26
2019-07-16,06:15,59.30,59.38,59.29,59.38,456.00,179768,59.35
2019-07-16,06:30,59.36,59.37,59.32,59.32,220.00,179768,59.35
2019-07-16,06:45,59.32,59.38,59.32,59.35,234.00,179768,59.35
2019-07-16,07:00,59.36,59.38,59.30,59.35,424.00,179768,59.34
2019-07-16,07:15,59.34,59.37,59.34,59.36,163.00,179768,59.36
2019-07-16,07:30,59.35,59.41,59.34,59.40,410.00,179768,59.39
2019-07-16,07:45,59.40,59.48,59.40,59.46,863.00,179768,59.45
2019-07-16,08:00,59.46,59.50,59.40,59.45,1306.00,179768,59.45
2019-07-16,08:15,59.45,59.49,59.43,59.48,571.00,179768,59.46
2019-07-16,08:30,59.48,59.48,59.43,59.44,359.00,179768,59.45
2019-07-16,08:45,59.44,59.46,59.42,59.43,379.00,179768,59.44
2019-07-16,09:00,59.43,59.52,59.41,59.50,2959.00,158377,59.47
2019-07-16,09:15,59.51,59.55,59.48,59.52,1217.00,158377,59.52
2019-07-16,09:30,59.52,59.56,59.48,59.51,2329.00,158377,59.52
2019-07-16,09:45,59.50,59.50,59.43,59.46,1079.00,158377,59.47
2019-07-16,10:00,59.46,59.47,59.37,59.47,2123.00,158377,59.43
2019-07-16,10:15,59.47,59.49,59.43,59.44,1564.00,158377,59.47
2019-07-16,10:30,59.44,59.49,59.42,59.47,760.00,158377,59.46
2019-07-16,10:45,59.48,59.66,59.48,59.64,2656.00,158377,59.57
2019-07-16,11:00,59.64,59.64,59.57,59.57,1615.00,158377,59.61
2019-07-16,11:15,59.58,59.59,59.53,59.59,1167.00,158377,59.57
2019-07-16,11:30,59.59,59.64,59.57,59.59,807.00,158377,59.60
2019-07-16,11:45,59.58,59.59,59.55,59.57,419.00,158377,59.57
2019-07-16,12:00,59.57,59.64,59.57,59.60,501.00,158377,59.60
2019-07-16,12:15,59.60,59.60,59.58,59.59,327.00,158377,59.59
2019-07-16,12:30,59.58,59.60,59.55,59.55,469.00,158377,59.56
2019-07-16,12:45,59.56,59.56,59.53,59.54,462.00,158377,59.55
2019-07-16,13:00,59.54,59.59,59.54,59.58,551.00,158377,59.56
2019-07-16,13:15,59.58,59.64,59.56,59.64,674.00,158377,59.61
2019-07-16,13:30,59.63,59.66,59.59,59.59,1374.00,158377,59.63
2019-07-16,13:45,59.58,59.61,59.52,59.54,1599.00,158377,59.57
2019-07-16,14:00,59.53,59.55,59.48,59.49,1423.00,158377,59.51
2019-07-16,14:15,59.49,59.59,59.48,59.55,1929.00,158377,59.53
2019-07-16,14:30,59.54,59.57,59.44,59.45,1425.00,158377,59.50
2019-07-16,14:45,59.45,59.50,59.41,59.47,1927.00,158377,59.46
2019-07-16,15:00,59.47,59.52,59.41,59.48,2306.00,158377,59.46
2019-07-16,15:15,59.48,59.50,59.39,59.42,2186.00,158377,59.42
2019-07-16,15:30,59.43,59.49,59.37,59.42,2335.00,158377,59.44
2019-07-16,15:45,59.42,59.54,59.40,59.52,2914.00,158377,59.48
2019-07-16,16:00,59.52,59.56,59.42,59.50,3956.00,158377,59.52
2019-07-16,16:15,59.50,59.58,59.44,59.57,4981.00,158377,59.51
2019-07-16,16:30,59.57,59.63,59.50,59.54,4148.00,158377,59.57
2019-07-16,16:45,59.54,59.68,59.52,59.62,3774.00,158377,59.63
2019-07-16,17:00,59.63,59.85,59.58,59.82,9256.00,158377,59.78
2019-07-16,17:15,59.81,59.87,59.74,59.79,5361.00,158377,59.82
2019-07-16,17:30,59.79,59.80,59.68,59.71,3421.00,158377,59.74
2019-07-16,17:45,59.71,59.82,59.70,59.76,2686.00,158377,59.76
2019-07-16,18:00,59.77,59.79,59.69,59.75,2185.00,158377,59.73
2019-07-16,18:15,59.75,59.78,59.67,59.75,2316.00,158377,59.73
2019-07-16,18:30,59.75,59.84,59.75,59.80,2085.00,158377,59.79
2019-07-16,18:45,59.79,59.81,59.69,59.71,2753.00,158377,59.74
2019-07-16,19:00,59.71,59.71,59.60,59.69,3632.00,158377,59.65
2019-07-16,19:15,59.68,59.69,59.42,59.52,6823.00,158377,59.53
2019-07-16,19:30,59.52,59.59,59.47,59.50,3146.00,158377,59.54
2019-07-16,19:45,59.50,59.53,59.43,59.48,3302.00,158377,59.48
2019-07-16,20:00,59.48,59.59,59.39,59.58,6914.00,158377,59.52
2019-07-16,20:15,59.59,59.63,59.53,59.61,6153.00,158377,59.58
2019-07-16,20:30,59.61,59.84,59.59,59.79,9913.00,158377,59.71
2019-07-16,20:45,59.79,59.98,59.79,59.96,16977.00,158377,59.90
2019-07-16,21:00,59.96,60.02,59.66,59.66,27217.00,158377,59.85
2019-07-16,21:15,59.66,59.72,59.55,59.55,15023.00,147999,59.63
2019-07-16,21:30,59.54,59.94,59.53,59.91,17844.00,147999,59.76
2019-07-16,21:45,59.91,60.06,59.79,59.82,25981.00,147999,59.90
2019-07-16,22:00,59.82,59.93,59.73,59.77,13751.00,147999,59.82
2019-07-16,22:15,59.77,59.89,59.69,59.88,11842.00,147999,59.80
2019-07-16,22:30,59.88,59.98,59.81,59.97,8927.00,147999,59.89
2019-07-16,22:45,59.96,59.98,59.73,59.76,13219.00,147999,59.82
2019-07-16,23:00,59.76,59.79,59.57,59.58,21070.00,147999,59.68
2019-07-16,23:15,59.58,59.64,59.45,59.47,26332.00,147999,59.54
2019-07-16,23:30,59.48,59.65,59.43,59.56,11018.00,147999,59.54
2019-07-16,23:45,59.56,59.63,59.44,59.44,7939.00,147999,59.54
2019-07-17,00:00,59.45,59.52,59.37,59.42,15900.00,147999,59.44
2019-07-17,00:15,59.43,59.44,59.21,59.42,14984.00,147999,59.32
2019-07-17,00:30,59.41,59.45,59.27,59.28,9617.00,147999,59.36
2019-07-17,00:45,59.28,59.32,58.33,58.34,39535.00,147999,58.80
2019-07-17,01:00,58.34,58.65,58.30,58.33,39931.00,147999,58.46
2019-07-17,01:15,58.32,58.40,57.65,57.84,40300.00,147999,58.02
2019-07-17,01:30,57.84,57.98,57.37,57.50,33721.00,147999,57.67
2019-07-17,01:45,57.49,57.55,57.07,57.34,28944.00,147999,57.26
2019-07-17,02:00,57.34,57.39,57.13,57.26,29420.00,147999,57.27
2019-07-17,02:15,57.26,57.69,57.14,57.57,41594.00,147999,57.47
2019-07-17,02:30,57.56,58.05,57.53,57.91,19594.00,147999,57.82
2019-07-17,02:45,57.92,58.09,57.88,57.97,7218.00,147999,58.00
2019-07-17,03:00,57.96,58.09,57.94,57.95,2838.00,147999,58.01
2019-07-17,03:15,57.95,57.97,57.82,57.88,3818.00,147999,57.87
2019-07-17,03:30,57.88,57.99,57.85,57.97,2117.00,147999,57.91
2019-07-17,03:45,57.98,58.08,57.97,58.06,1764.00,147999,58.04
2019-07-17,04:00,58.06,58.07,58.00,58.04,801.00,147999,58.04
2019-07-17,04:15,58.04,58.23,57.97,58.20,4482.00,147999,58.01
2019-07-17,04:30,58.23,58.24,57.48,57.60,7313.00,147999,57.66
2019-07-17,04:45,57.61,57.62,57.46,57.48,1500.00,147999,57.53
2019-07-17,06:00,57.52,57.66,57.46,57.61,1258.00,147999,57.59
2019-07-17,06:15,57.61,57.66,57.58,57.60,386.00,147999,57.62
2019-07-17,06:30,57.60,57.64,57.58,57.63,361.00,147999,57.62
2019-07-17,06:45,57.63,57.63,57.57,57.61,270.00,147999,57.60
2019-07-17,07:00,57.61,57.61,57.56,57.56,342.00,147999,57.59
2019-07-17,07:15,57.56,57.57,57.51,57.54,418.00,147999,57.54
2019-07-17,07:30,57.54,57.59,57.53,57.58,433.00,147999,57.56
2019-07-17,07:45,57.58,57.61,57.56,57.61,447.00,147999,57.59
2019-07-17,08:00,57.60,57.68,57.56,57.66,1823.00,147999,57.63
2019-07-17,08:15,57.66,57.66,57.58,57.61,846.00,147999,57.61
2019-07-17,08:30,57.61,57.61,57.55,57.59,730.00,147999,57.58
2019-07-17,08:45,57.58,57.64,57.58,57.62,876.00,147999,57.62
2019-07-17,09:00,57.62,57.70,57.60,57.62,4088.00,147999,57.65
2019-07-17,09:15,57.61,57.72,57.60,57.70,2037.00,147999,57.66
2019-07-17,09:30,57.70,57.73,57.66,57.68,1526.00,147999,57.70
2019-07-17,09:45,57.68,57.76,57.68,57.70,1830.00,147999,57.73
2019-07-17,10:00,57.70,57.71,57.63,57.64,3240.00,147999,57.68
2019-07-17,10:15,57.64,57.66,57.57,57.58,1199.00,134267,57.62
2019-07-17,10:30,57.58,57.61,57.57,57.59,1563.00,134267,57.59
2019-07-17,10:45,57.59,57.64,57.57,57.63,1309.00,134267,57.61
2019-07-17,11:00,57.63,57.69,57.62,57.65,932.00,134267,57.66
2019-07-17,11:15,57.64,57.70,57.64,57.68,731.00,134267,57.67
2019-07-17,11:30,57.68,57.68,57.64,57.65,658.00,134267,57.66
2019-07-17,11:45,57.65,57.65,57.59,57.61,501.00,134267,57.61
2019-07-17,12:00,57.61,57.62,57.59,57.61,497.00,134267,57.61
2019-07-17,12:15,57.61,57.65,57.61,57.63,320.00,134267,57.63
2019-07-17,12:30,57.62,57.62,57.60,57.61,503.00,134267,57.62
2019-07-17,12:45,57.61,57.63,57.60,57.61,247.00,134267,57.61
2019-07-17,13:00,57.61,57.62,57.58,57.61,499.00,134267,57.59
2019-07-17,13:15,57.60,57.65,57.59,57.65,452.00,134267,57.62
2019-07-17,13:30,57.65,57.72,57.64,57.69,1215.00,134267,57.68
2019-07-17,13:45,57.68,57.70,57.67,57.69,426.00,134267,57.69
2019-07-17,14:00,57.69,57.70,57.65,57.68,1022.00,134267,57.68
2019-07-17,14:15,57.68,57.80,57.68,57.76,2142.00,134267,57.75
2019-07-17,14:30,57.76,57.80,57.72,57.78,1094.00,134267,57.75
2019-07-17,14:45,57.77,57.80,57.71,57.72,1702.00,134267,57.75
2019-07-17,15:00,57.72,57.81,57.70,57.76,5316.00,134267,57.75
2019-07-17,15:15,57.76,57.77,57.72,57.75,1374.00,134267,57.75
2019-07-17,15:30,57.75,57.82,57.69,57.72,3595.00,134267,57.75
2019-07-17,15:45,57.72,57.76,57.66,57.72,2358.00,134267,57.71
2019-07-17,16:00,57.73,57.85,57.72,57.82,3749.00,134267,57.78
2019-07-17,16:15,57.83,57.95,57.81,57.93,4898.00,134267,57.89
2019-07-17,16:30,57.93,58.01,57.90,57.93,7422.00,134267,57.95
2019-07-17,16:45,57.92,58.01,57.91,57.98,2971.00,134267,57.95
2019-07-17,17:00,57.98,58.00,57.86,57.87,3238.00,134267,57.93
2019-07-17,17:15,57.87,57.92,57.87,57.90,4009.00,134267,57.89
2019-07-17,17:30,57.90,57.96,57.86,57.96,2346.00,134267,57.92
2019-07-17,17:45,57.95,57.98,57.91,57.95,1518.00,134267,57.94
2019-07-17,18:00,57.95,58.00,57.89,57.99,2089.00,134267,57.94
2019-07-17,18:15,58.00,58.08,57.97,57.99,3957.00,134267,58.04
2019-07-17,18:30,58.00,58.00,57.94,57.96,1654.00,134267,57.97
2019-07-17,18:45,57.95,58.05,57.91,58.01,2709.00,134267,57.99
2019-07-17,19:00,58.03,58.04,57.95,57.97,1644.00,134267,57.99
2019-07-17,19:15,57.97,58.02,57.93,58.02,1189.00,134267,57.97
2019-07-17,19:30,58.03,58.21,58.02,58.17,4545.00,134267,58.11
2019-07-17,19:45,58.17,58.22,58.13,58.21,3445.00,134267,58.17
2019-07-17,20:00,58.20,58.25,58.17,58.22,5913.00,134267,58.21
2019-07-17,20:15,58.21,58.28,58.19,58.23,3487.00,134267,58.23
2019-07-17,20:30,58.23,58.36,58.23,58.25,6049.00,134267,58.29
2019-07-17,20:45,58.25,58.27,58.13,58.21,9278.00,134267,58.19
2019-07-17,21:00,58.20,58.35,58.11,58.27,12153.00,134267,58.26
2019-07-17,21:15,58.27,58.35,58.23,58.23,8544.00,119793,58.29
2019-07-17,21:30,58.23,58.23,58.02,58.06,11225.00,119793,58.12
2019-07-17,21:45,58.05,58.11,57.92,57.95,10906.00,119793,57.99
2019-07-17,22:00,57.94,58.03,57.89,57.91,7567.00,119793,57.97
2019-07-17,22:15,57.91,57.98,57.58,57.59,11042.00,119793,57.87
2019-07-17,22:30,57.59,58.19,57.39,57.55,55146.00,119793,57.77
2019-07-17,22:45,57.55,57.60,57.30,57.43,25397.00,119793,57.43
2019-07-17,23:00,57.42,57.49,56.97,57.03,27467.00,119793,57.19
2019-07-17,23:15,57.03,57.40,57.03,57.14,25812.00,119793,57.22
2019-07-17,23:30,57.14,57.36,57.10,57.30,10031.00,119793,57.22
2019-07-17,23:45,57.30,57.38,57.20,57.26,5835.00,119793,57.29
2019-07-18,00:00,57.26,57.36,57.15,57.24,7055.00,119793,57.23
2019-07-18,00:15,57.23,57.26,57.03,57.21,10347.00,119793,57.16
2019-07-18,00:30,57.21,57.23,57.04,57.22,7573.00,119793,57.16
2019-07-18,00:45,57.22,57.29,57.12,57.13,5546.00,119793,57.22
2019-07-18,01:00,57.13,57.14,56.70,56.71,15605.00,119793,56.91
2019-07-18,01:15,56.71,56.80,56.63,56.66,8651.00,119793,56.71
2019-07-18,01:30,56.66,56.92,56.61,56.89,10004.00,119793,56.78
2019-07-18,01:45,56.89,57.16,56.89,57.12,10929.00,119793,57.03
2019-07-18,02:00,57.13,57.15,56.83,56.89,11744.00,119793,56.95
2019-07-18,02:15,56.89,56.90,56.72,56.75,20016.00,119793,56.79
2019-07-18,02:30,56.75,56.79,56.66,56.68,12851.00,119793,56.73
2019-07-18,02:45,56.68,56.69,56.47,56.63,8423.00,119793,56.58
2019-07-18,03:00,56.62,56.74,56.58,56.67,4586.00,119793,56.67
2019-07-18,03:15,56.67,56.72,56.56,56.57,2265.00,119793,56.63
2019-07-18,03:30,56.56,56.66,56.50,56.65,3334.00,119793,56.57
2019-07-18,03:45,56.65,56.66,56.54,56.55,1467.00,119793,56.62
2019-07-18,04:00,56.54,56.58,56.26,56.31,3387.00,119793,56.41
2019-07-18,04:15,56.31,56.39,56.21,56.38,1372.00,119793,56.29
2019-07-18,04:30,56.37,56.42,56.35,56.40,3333.00,119793,56.39
2019-07-18,04:45,56.39,56.61,56.39,56.58,2439.00,119793,56.53
2019-07-18,06:00,56.60,56.63,56.42,56.62,1713.00,119793,56.52
2019-07-18,06:15,56.61,56.65,56.59,56.60,278.00,119793,56.62
2019-07-18,06:30,56.61,56.62,56.56,56.58,225.00,119793,56.59
2019-07-18,06:45,56.59,56.63,56.59,56.59,195.00,119793,56.61
2019-07-18,07:00,56.60,56.62,56.58,56.58,210.00,119793,56.59
2019-07-18,07:15,56.58,56.59,56.49,56.53,509.00,119793,56.53
2019-07-18,07:30,56.50,56.55,56.50,56.52,178.00,119793,56.53
2019-07-18,07:45,56.52,56.58,56.50,56.57,240.00,119793,56.54
2019-07-18,08:00,56.56,56.60,56.50,56.52,2595.00,119793,56.58
2019-07-18,08:15,56.51,56.55,56.48,56.52,230.00,119793,56.52
2019-07-18,08:30,56.52,56.55,56.49,56.51,254.00,119793,56.52
2019-07-18,08:45,56.52,56.54,56.46,56.51,501.00,119793,56.50
2019-07-18,09:00,56.52,56.65,56.51,56.64,883.00,119793,56.60
2019-07-18,09:15,56.64,56.69,56.62,56.68,606.00,119793,56.66
2019-07-18,09:30,56.68,56.68,56.63,56.66,625.00,119793,56.65
2019-07-18,09:45,56.66,56.76,56.64,56.74,687.00,119793,56.71
2019-07-18,10:00,56.73,56.82,56.71,56.79,815.00,99237,56.77
2019-07-18,10:15,56.80,56.89,56.78,56.79,821.00,99237,56.84
2019-07-18,10:30,56.79,56.82,56.77,56.80,570.00,99237,56.79
2019-07-18,10:45,56.80,56.85,56.76,56.79,431.00,99237,56.80
2019-07-18,11:00,56.79,56.80,56.75,56.78,153.00,99237,56.79
2019-07-18,11:15,56.79,56.85,56.79,56.83,390.00,99237,56.82
2019-07-18,11:30,56.83,56.88,56.83,56.84,367.00,99237,56.85
2019-07-18,11:45,56.84,56.87,56.83,56.84,179.00,99237,56.85
2019-07-18,12:00,56.84,56.84,56.78,56.81,280.00,99237,56.81
2019-07-18,12:15,56.81,56.81,56.78,56.78,198.00,99237,56.79
2019-07-18,12:30,56.79,56.80,56.75,56.76,287.00,99237,56.77
2019-07-18,12:45,56.75,56.77,56.73,56.76,180.00,99237,56.75
2019-07-18,13:00,56.75,56.81,56.74,56.77,365.00,99237,56.78
2019-07-18,13:15,56.75,56.76,56.72,56.72,467.00,99237,56.74
2019-07-18,13:30,56.73,56.77,56.68,56.70,521.00,99237,56.72
2019-07-18,13:45,56.70,56.75,56.68,56.70,195.00,99237,56.71
2019-07-18,14:00,56.70,56.77,56.70,56.74,299.00,99237,56.73
2019-07-18,14:15,56.73,56.79,56.71,56.75,1069.00,99237,56.73
2019-07-18,14:30,56.75,56.82,56.68,56.76,676.00,99237,56.75
2019-07-18,14:45,56.77,56.83,56.77,56.81,643.00,99237,56.81
2019-07-18,15:00,56.81,56.81,56.69,56.69,1011.00,99237,56.73
2019-07-18,15:15,56.69,56.69,56.61,56.64,962.00,99237,56.64
2019-07-18,15:30,56.64,56.73,56.61,56.67,1439.00,99237,56.66
2019-07-18,15:45,56.65,56.70,56.63,56.69,1701.00,99237,56.66
2019-07-18,16:00,56.69,56.71,56.57,56.58,771.00,99237,56.64
2019-07-18,16:15,56.58,56.64,56.51,56.63,1411.00,99237,56.57
2019-07-18,16:30,56.63,56.72,56.58,56.61,1038.00,99237,56.64
2019-07-18,16:45,56.60,56.66,56.56,56.66,733.00,99237,56.60
2019-07-18,17:00,56.67,56.77,56.56,56.72,1001.00,99237,56.68
2019-07-18,17:15,56.72,56.94,56.71,56.88,1963.00,99237,56.86
2019-07-18,17:30,56.88,56.93,56.86,56.89,989.00,99237,56.89
2019-07-18,17:45,56.89,56.93,56.83,56.85,770.00,99237,56.87
2019-07-18,18:00,56.86,56.92,56.85,56.88,471.00,99237,56.88
2019-07-18,18:15,56.88,57.32,56.85,57.19,4873.00,99237,57.13
2019-07-18,18:30,57.18,57.30,57.14,57.19,1745.00,99237,57.22
2019-07-18,18:45,57.19,57.26,57.16,57.24,641.00,99237,57.21
2019-07-18,19:00,57.25,57.27,57.18,57.26,844.00,99237,57.23
2019-07-18,19:15,57.26,57.26,57.17,57.17,452.00,99237,57.21
2019-07-18,19:30,57.17,57.18,57.07,57.11,1593.00,99237,57.12
2019-07-18,19:45,57.11,57.14,57.07,57.08,580.00,99237,57.10
2019-07-18,20:00,57.09,57.12,56.96,57.07,2351.00,99237,57.03
2019-07-18,20:15,57.07,57.20,57.07,57.10,1436.00,99237,57.14
2019-07-18,20:30,57.10,57.14,57.02,57.04,1537.00,99237,57.07
2019-07-18,20:45,57.05,57.06,56.92,56.95,3004.00,99237,57.00
2019-07-18,21:00,56.95,56.97,56.50,56.51,7647.00,99237,56.67
2019-07-18,21:15,56.50,56.73,56.45,56.69,5366.00,83809,56.57
2019-07-18,21:30,56.70,56.80,56.58,56.75,3385.00,83809,56.69
2019-07-18,21:45,56.76,56.76,56.18,56.20,7718.00,83809,56.41
2019-07-18,22:00,56.20,56.21,55.61,55.82,13636.00,83809,55.84
2019-07-18,22:15,55.82,55.95,55.70,55.85,5261.00,83809,55.85
2019-07-18,22:30,55.85,55.96,55.48,55.57,8089.00,83809,55.67
2019-07-18,22:45,55.57,55.60,55.41,55.49,5262.00,83809,55.51
2019-07-18,23:00,55.49,55.54,55.31,55.33,4532.00,83809,55.40
2019-07-18,23:15,55.33,55.34,54.96,55.00,8567.00,83809,55.14
2019-07-18,23:30,55.00,55.11,54.85,54.93,8578.00,83809,54.97
2019-07-18,23:45,54.92,55.09,54.90,55.00,2696.00,83809,55.00
2019-07-19,00:00,55.00,55.26,54.98,55.18,5307.00,83809,55.17
2019-07-19,00:15,55.18,55.25,55.10,55.15,2209.00,83809,55.17
2019-07-19,00:30,55.14,55.22,55.10,55.14,1239.00,83809,55.15
2019-07-19,00:45,55.13,55.25,55.10,55.23,1896.00,83809,55.16
2019-07-19,01:00,55.23,55.23,55.10,55.20,1587.00,83809,55.15
2019-07-19,01:15,55.20,55.23,55.12,55.19,1423.00,83809,55.20
2019-07-19,01:30,55.20,55.49,55.19,55.45,3776.00,83809,55.40
2019-07-19,01:45,55.45,55.47,55.29,55.40,1805.00,83809,55.38
2019-07-19,02:00,55.41,55.44,54.74,54.74,8154.00,83809,55.09
2019-07-19,02:15,54.75,55.35,54.72,55.31,10744.00,83809,55.15
2019-07-19,02:30,55.31,55.31,54.92,54.98,8221.00,83809,55.09
2019-07-19,02:45,54.98,55.12,54.95,55.10,1210.00,83809,55.04
2019-07-19,03:00,55.10,55.51,55.10,55.46,3213.00,83809,55.31
2019-07-19,03:15,55.47,55.66,55.42,55.58,2335.00,83809,55.56
2019-07-19,03:30,55.58,55.73,55.57,55.65,5729.00,83809,55.70
2019-07-19,03:45,55.64,55.71,55.60,55.63,1271.00,83809,55.65
2019-07-19,04:00,55.64,55.66,55.49,55.49,991.00,83809,55.56
2019-07-19,04:15,55.49,55.68,55.49,55.66,433.00,83809,55.60
2019-07-19,04:30,55.66,55.74,55.65,55.72,400.00,83809,55.68
2019-07-19,04:45,55.72,55.72,55.62,55.64,424.00,83809,55.69
2019-07-19,06:00,55.72,55.90,55.68,55.89,379.00,83809,55.80
2019-07-19,06:15,55.90,55.90,55.76,55.77,71.00,83809,55.82
2019-07-19,06:30,55.76,55.83,55.76,55.81,100.00,83809,55.79
2019-07-19,06:45,55.81,55.83,55.77,55.77,1868.00,83809,55.81
2019-07-19,07:00,55.81,55.83,55.78,55.80,1163.00,83809,55.81
2019-07-19,07:15,55.80,55.80,55.78,55.79,11.00,83809,55.79
2019-07-19,07:30,55.78,55.80,55.76,55.80,28.00,83809,55.78
2019-07-19,07:45,55.79,55.79,55.62,55.68,143.00,83809,55.72
2019-07-19,08:00,55.69,55.92,55.69,55.83,358.00,83809,55.83
2019-07-19,08:15,55.84,55.94,55.80,55.91,717.00,83809,55.90
2019-07-19,08:30,55.91,55.97,55.89,55.89,315.00,83809,55.93
2019-07-19,08:45,55.89,56.01,55.89,56.00,92.00,83809,55.96
2019-07-19,09:00,55.99,56.01,55.90,55.95,229.00,83809,55.95
2019-07-19,09:15,55.95,55.96,55.88,55.94,140.00,56740,55.92
2019-07-19,09:30,55.94,56.27,55.94,56.26,1687.00,56740,56.00
2019-07-19,09:45,56.27,56.34,56.13,56.16,1187.00,56740,56.24
2019-07-19,10:00,56.14,56.26,56.13,56.20,253.00,56740,56.19
2019-07-19,10:15,56.21,56.24,56.19,56.19,113.00,56740,56.21
2019-07-19,10:30,56.21,56.36,56.20,56.29,281.00,56740,56.29
2019-07-19,10:45,56.29,56.35,56.25,56.26,130.00,56740,56.29
2019-07-19,11:00,56.27,56.28,56.21,56.21,156.00,56740,56.24
2019-07-19,11:15,56.22,56.28,56.21,56.25,122.00,56740,56.25
2019-07-19,11:30,56.27,56.27,56.20,56.21,59.00,56740,56.23
2019-07-19,11:45,56.21,56.23,56.11,56.13,619.00,56740,56.13
2019-07-19,12:00,56.13,56.21,56.12,56.19,148.00,56740,56.18
2019-07-19,12:15,56.18,56.19,56.14,56.14,90.00,56740,56.17
2019-07-19,12:30,56.14,56.18,56.13,56.13,162.00,56740,56.14
2019-07-19,12:45,56.12,56.13,56.09,56.13,152.00,56740,56.11
2019-07-19,13:00,56.12,56.13,56.10,56.12,184.00,56740,56.13
2019-07-19,13:15,56.10,56.12,56.06,56.07,179.00,56740,56.10
2019-07-19,13:30,56.08,56.08,55.84,55.87,654.00,56740,55.99
2019-07-19,13:45,55.87,55.91,55.82,55.87,225.00,56740,55.88
2019-07-19,14:00,55.87,55.90,55.77,55.78,512.00,56740,55.84
2019-07-19,14:15,55.79,55.86,55.78,55.84,497.00,56740,55.81
2019-07-19,14:30,55.83,56.04,55.72,55.98,571.00,56740,55.86
2019-07-19,14:45,55.98,56.01,55.86,56.00,488.00,56740,55.94
2019-07-19,15:00,55.99,56.00,55.85,55.88,536.00,56740,55.91
2019-07-19,15:15,55.89,55.95,55.85,55.93,144.00,56740,55.90
2019-07-19,15:30,55.92,55.96,55.82,55.84,279.00,56740,55.89
2019-07-19,15:45,55.84,55.92,55.80,55.92,290.00,56740,55.84
2019-07-19,16:00,55.90,55.91,55.78,55.86,317.00,56740,55.84
2019-07-19,16:15,55.85,55.90,55.75,55.88,1142.00,56740,55.82
2019-07-19,16:30,55.88,56.01,55.80,55.84,453.00,56740,55.89
2019-07-19,16:45,55.85,55.94,55.84,55.93,133.00,56740,55.89
2019-07-19,17:00,55.93,55.98,55.81,55.98,249.00,56740,55.89
2019-07-19,17:15,55.98,56.10,55.95,56.06,486.00,56740,56.03
2019-07-19,17:30,56.08,56.20,56.03,56.17,371.00,56740,56.09
2019-07-19,17:45,56.19,56.23,56.04,56.06,366.00,56740,56.13
2019-07-19,18:00,56.06,56.10,55.88,55.90,315.00,56740,56.00
2019-07-19,18:15,55.90,55.97,55.86,55.97,421.00,56740,55.92
2019-07-19,18:30,55.96,56.13,55.96,56.05,271.00,56740,56.05
2019-07-19,18:45,56.05,56.08,55.98,56.06,176.00,56740,56.02
2019-07-19,19:00,56.07,56.07,55.91,56.00,289.00,56740,55.97
2019-07-19,19:15,56.02,56.11,55.97,56.00,932.00,56740,56.03
2019-07-19,19:30,56.00,56.13,55.95,56.09,342.00,56740,56.05
2019-07-19,19:45,56.08,56.08,56.00,56.02,2739.00,56740,56.03
2019-07-19,20:00,56.02,56.05,55.97,56.02,264.00,56740,56.01
2019-07-19,20:15,56.01,56.07,55.76,55.81,758.00,56740,55.88
2019-07-19,20:30,55.81,55.81,55.65,55.68,1674.00,56740,55.70
2019-07-19,20:45,55.69,55.98,55.68,55.88,1166.00,56740,55.84
2019-07-19,21:00,55.87,55.88,55.53,55.72,2255.00,56740,55.67
2019-07-19,21:15,55.72,55.75,55.55,55.65,1622.00,55908,55.65
2019-07-19,21:30,55.65,55.65,55.47,55.60,2043.00,55908,55.56
2019-07-19,21:45,55.61,55.63,55.45,55.54,1006.00,55908,55.55
2019-07-19,22:00,55.53,55.62,55.38,55.55,2081.00,55908,55.48
2019-07-19,22:15,55.56,55.79,55.47,55.50,1500.00,55908,55.65
2019-07-19,22:30,55.53,55.63,55.43,55.50,1086.00,55908,55.54
2019-07-19,22:45,55.50,55.53,55.17,55.31,2949.00,55908,55.32
2019-07-19,23:00,55.30,55.45,55.23,55.40,1034.00,55908,55.34
2019-07-19,23:15,55.42,55.45,55.17,55.29,843.00,55908,55.28
2019-07-19,23:30,55.30,55.31,54.99,55.12,1045.00,55908,55.13
2019-07-19,23:45,55.14,55.15,55.01,55.03,587.00,55908,55.07
2019-07-20,00:00,55.03,55.29,55.03,55.24,2239.00,55908,55.14
2019-07-20,00:15,55.24,55.36,55.19,55.29,1700.00,55908,55.30
2019-07-20,00:30,55.29,55.50,55.29,55.38,1211.00,55908,55.40
2019-07-20,00:45,55.39,55.39,55.20,55.27,1050.00,55908,55.29
2019-07-20,01:00,55.27,55.34,55.21,55.25,606.00,55908,55.26
2019-07-20,01:15,55.25,55.31,55.19,55.28,627.00,55908,55.27
2019-07-20,01:30,55.28,55.28,55.05,55.19,921.00,55908,55.16
2019-07-20,01:45,55.20,55.79,55.14,55.76,1562.00,55908,55.46
2019-07-20,02:00,55.79,55.92,55.56,55.88,2756.00,55908,55.76
2019-07-20,02:15,55.89,56.00,55.59,55.64,4720.00,55908,55.72
2019-07-20,02:30,55.65,55.73,55.57,55.68,3454.00,55908,55.68
2019-07-20,02:45,55.67,56.00,55.62,55.90,919.00,55908,55.84
2019-07-20,03:00,55.89,55.93,55.83,55.92,192.00,55908,55.91
2019-07-20,03:15,55.89,56.02,55.87,55.94,1942.00,55908,55.94
2019-07-20,03:30,55.94,56.20,55.94,56.10,229.00,55908,56.06
2019-07-20,03:45,56.10,56.17,56.07,56.09,108.00,55908,56.10
2019-07-20,04:00,56.10,56.16,56.06,56.16,226.00,55908,56.12
2019-07-20,04:15,56.15,56.16,56.00,56.01,112.00,55908,56.10
2019-07-20,04:30,56.01,56.02,55.63,55.68,295.00,55908,55.76
2019-07-20,04:45,55.68,55.83,55.68,55.74,941.00,55908,55.69
2019-07-22,06:00,56.22,56.22,56.00,56.06,152.00,55908,56.08
2019-07-22,06:15,56.10,56.17,56.10,56.17,5.00,55908,56.11
2019-07-22,07:00,56.11,56.11,56.11,56.11,1.00,55908,56.11
2019-07-22,07:30,56.09,56.09,56.09,56.09,1.00,55908,56.09
2019-07-22,08:00,56.07,56.07,56.07,56.07,1.00,55908,56.07
2019-07-22,08:15,55.98,55.98,55.98,55.98,1.00,55908,55.98
2019-07-22,08:30,55.98,55.98,55.78,55.78,71.00,55908,55.94
2019-07-22,08:45,55.82,55.84,55.82,55.84,3.00,55908,55.83
2019-07-22,09:00,55.91,55.95,55.91,55.95,13.00,55908,55.94
