2019-07-30,10:45,2.12,2.12,2.11,2.11,74.00,467138,2.11
2019-07-30,11:00,2.11,2.12,2.11,2.11,51.00,467138,2.11
2019-07-30,11:15,2.11,2.11,2.11,2.11,12.00,467138,2.11
2019-07-30,11:30,2.12,2.12,2.12,2.12,133.00,467138,2.12
2019-07-30,11:45,2.12,2.12,2.12,2.12,75.00,467138,2.12
2019-07-30,12:00,2.12,2.12,2.12,2.12,91.00,467138,2.12
2019-07-30,12:15,2.12,2.12,2.12,2.12,134.00,467138,2.12
2019-07-30,12:30,2.12,2.12,2.12,2.12,106.00,467138,2.12
2019-07-30,12:45,2.12,2.12,2.11,2.12,144.00,467138,2.12
2019-07-30,13:00,2.12,2.12,2.12,2.12,152.00,467138,2.12
2019-07-30,13:15,2.12,2.12,2.12,2.12,70.00,467138,2.12
2019-07-30,13:30,2.12,2.12,2.11,2.12,106.00,467138,2.12
2019-07-30,13:45,2.12,2.12,2.11,2.12,92.00,467138,2.12
2019-07-30,14:00,2.12,2.12,2.12,2.12,175.00,467138,2.12
2019-07-30,14:15,2.12,2.12,2.12,2.12,147.00,467138,2.12
2019-07-30,14:30,2.12,2.12,2.11,2.11,137.00,467138,2.12
2019-07-30,14:45,2.12,2.12,2.11,2.12,148.00,467138,2.11
2019-07-30,15:00,2.12,2.12,2.11,2.11,215.00,467138,2.11
2019-07-30,15:15,2.11,2.12,2.11,2.12,120.00,467138,2.11
2019-07-30,15:30,2.12,2.12,2.11,2.12,183.00,467138,2.12
2019-07-30,15:45,2.12,2.12,2.12,2.12,83.00,467138,2.12
2019-07-30,16:00,2.12,2.12,2.12,2.12,27.00,467138,2.12
2019-07-30,16:15,2.12,2.12,2.12,2.12,253.00,467138,2.12
2019-07-30,16:30,2.12,2.12,2.12,2.12,68.00,467138,2.12
2019-07-30,16:45,2.12,2.12,2.12,2.12,55.00,467138,2.12
2019-07-30,17:00,2.12,2.12,2.12,2.12,184.00,467138,2.12
2019-07-30,17:15,2.12,2.12,2.12,2.12,101.00,467138,2.12
2019-07-30,17:30,2.12,2.12,2.12,2.12,235.00,467138,2.12
2019-07-30,17:45,2.12,2.12,2.12,2.12,188.00,467138,2.12
2019-07-30,18:00,2.12,2.13,2.12,2.13,1304.00,467138,2.13
2019-07-30,18:15,2.13,2.14,2.13,2.13,375.00,467138,2.13
2019-07-30,18:30,2.13,2.14,2.13,2.14,869.00,467138,2.14
2019-07-30,18:45,2.14,2.14,2.13,2.13,1007.00,467138,2.14
2019-07-30,19:00,2.14,2.14,2.13,2.13,642.00,467138,2.14
2019-07-30,19:15,2.13,2.13,2.13,2.13,504.00,467138,2.13
2019-07-30,19:30,2.13,2.13,2.13,2.13,581.00,467138,2.13
2019-07-30,19:45,2.13,2.13,2.13,2.13,399.00,467138,2.13
2019-07-30,20:00,2.13,2.14,2.12,2.12,3090.00,467138,2.12
2019-07-30,20:15,2.12,2.13,2.12,2.13,1488.00,467138,2.13
2019-07-30,20:30,2.13,2.13,2.12,2.12,1929.00,467138,2.12
2019-07-30,20:45,2.12,2.13,2.12,2.13,1753.00,467138,2.13
2019-07-30,21:00,2.13,2.13,2.11,2.12,6828.00,467138,2.12
2019-07-30,21:15,2.12,2.12,2.11,2.12,3262.00,467120,2.12
2019-07-30,21:30,2.12,2.12,2.11,2.11,2908.00,467120,2.11
2019-07-30,21:45,2.11,2.13,2.11,2.13,4440.00,467120,2.12
2019-07-30,22:00,2.13,2.14,2.12,2.13,7037.00,467120,2.13
2019-07-30,22:15,2.13,2.13,2.12,2.13,2764.00,467120,2.13
2019-07-30,22:30,2.13,2.13,2.12,2.12,1292.00,467120,2.13
2019-07-30,22:45,2.13,2.13,2.12,2.12,2092.00,467120,2.13
2019-07-30,23:00,2.12,2.12,2.12,2.12,3354.00,467120,2.12
2019-07-30,23:15,2.12,2.12,2.11,2.12,1937.00,467120,2.12
2019-07-30,23:30,2.12,2.12,2.11,2.12,1663.00,467120,2.12
2019-07-30,23:45,2.12,2.12,2.12,2.12,1000.00,467120,2.12
2019-07-31,00:00,2.12,2.12,2.12,2.12,856.00,467120,2.12
2019-07-31,00:15,2.12,2.13,2.12,2.13,2387.00,467120,2.12
2019-07-31,00:30,2.13,2.13,2.12,2.13,944.00,467120,2.13
2019-07-31,00:45,2.13,2.13,2.13,2.13,1391.00,467120,2.13
2019-07-31,01:00,2.13,2.14,2.13,2.13,1937.00,467120,2.13
2019-07-31,01:15,2.13,2.14,2.13,2.13,1681.00,467120,2.13
2019-07-31,01:30,2.13,2.13,2.13,2.13,1172.00,467120,2.13
2019-07-31,01:45,2.13,2.13,2.13,2.13,865.00,467120,2.13
2019-07-31,02:00,2.13,2.13,2.13,2.13,1107.00,467120,2.13
2019-07-31,02:15,2.13,2.14,2.13,2.13,8824.00,467120,2.14
2019-07-31,02:30,2.13,2.13,2.13,2.13,2392.00,467120,2.13
2019-07-31,02:45,2.13,2.14,2.13,2.13,643.00,467120,2.14
2019-07-31,03:00,2.14,2.14,2.13,2.13,372.00,467120,2.13
2019-07-31,03:15,2.13,2.14,2.13,2.13,196.00,467120,2.13
2019-07-31,03:30,2.13,2.14,2.13,2.13,314.00,467120,2.13
2019-07-31,03:45,2.13,2.13,2.13,2.13,1071.00,467120,2.13
2019-07-31,04:00,2.13,2.14,2.13,2.14,892.00,467120,2.14
2019-07-31,04:15,2.14,2.14,2.14,2.14,250.00,467120,2.14
2019-07-31,04:30,2.14,2.14,2.14,2.14,267.00,467120,2.14
2019-07-31,04:45,2.14,2.14,2.14,2.14,462.00,467120,2.14
2019-07-31,06:00,2.14,2.15,2.14,2.14,555.00,467120,2.14
2019-07-31,06:15,2.14,2.14,2.14,2.14,65.00,467120,2.14
2019-07-31,06:30,2.14,2.14,2.14,2.14,46.00,467120,2.14
2019-07-31,06:45,2.14,2.14,2.14,2.14,22.00,467120,2.14
2019-07-31,07:00,2.14,2.14,2.14,2.14,133.00,467120,2.14
2019-07-31,07:15,2.14,2.14,2.14,2.14,18.00,467120,2.14
2019-07-31,07:30,2.14,2.14,2.14,2.14,162.00,467120,2.14
2019-07-31,07:45,2.14,2.14,2.14,2.14,241.00,467120,2.14
2019-07-31,08:00,2.14,2.14,2.14,2.14,94.00,467120,2.14
2019-07-31,08:15,2.14,2.14,2.14,2.14,125.00,467120,2.14
2019-07-31,08:30,2.14,2.14,2.14,2.14,44.00,467120,2.14
2019-07-31,08:45,2.14,2.14,2.14,2.14,33.00,472271,2.14
2019-07-31,09:00,2.14,2.14,2.14,2.14,59.00,472271,2.14
2019-07-31,09:15,2.14,2.14,2.14,2.14,35.00,472271,2.14
2019-07-31,09:30,2.14,2.14,2.14,2.14,23.00,472271,2.14
2019-07-31,09:45,2.14,2.14,2.14,2.14,10.00,472271,2.14
2019-07-31,10:00,2.14,2.14,2.14,2.14,31.00,472271,2.14
2019-07-31,10:15,2.14,2.14,2.14,2.14,62.00,472271,2.14
2019-07-31,10:30,2.14,2.14,2.14,2.14,7.00,472271,2.14
2019-07-31,10:45,2.14,2.14,2.14,2.14,34.00,472271,2.14
2019-07-31,11:00,2.14,2.14,2.14,2.14,197.00,472271,2.14
2019-07-31,11:15,2.14,2.14,2.14,2.14,51.00,472271,2.14
2019-07-31,11:30,2.14,2.14,2.14,2.14,48.00,472271,2.14
2019-07-31,11:45,2.14,2.14,2.14,2.14,61.00,472271,2.14
2019-07-31,12:00,2.14,2.14,2.14,2.14,27.00,472271,2.14
2019-07-31,12:15,2.14,2.14,2.14,2.14,32.00,472271,2.14
2019-07-31,12:30,2.14,2.14,2.14,2.14,112.00,472271,2.14
2019-07-31,12:45,2.14,2.14,2.14,2.14,25.00,472271,2.14
2019-07-31,13:00,2.14,2.14,2.14,2.14,33.00,472271,2.14
2019-07-31,13:15,2.14,2.14,2.14,2.14,85.00,472271,2.14
2019-07-31,13:30,2.14,2.14,2.14,2.14,49.00,472271,2.14
2019-07-31,13:45,2.14,2.14,2.14,2.14,194.00,472271,2.14
2019-07-31,14:00,2.14,2.14,2.14,2.14,87.00,472271,2.14
2019-07-31,14:15,2.14,2.14,2.14,2.14,212.00,472271,2.14
2019-07-31,14:30,2.14,2.14,2.14,2.14,225.00,472271,2.14
2019-07-31,14:45,2.14,2.14,2.13,2.14,113.00,472271,2.14
2019-07-31,15:00,2.14,2.14,2.13,2.14,394.00,472271,2.14
2019-07-31,15:15,2.14,2.14,2.13,2.13,100.00,472271,2.14
2019-07-31,15:30,2.13,2.14,2.13,2.13,194.00,472271,2.14
2019-07-31,15:45,2.13,2.14,2.13,2.13,73.00,472271,2.14
2019-07-31,16:00,2.13,2.13,2.13,2.13,213.00,472271,2.13
2019-07-31,16:15,2.13,2.13,2.13,2.13,122.00,472271,2.13
2019-07-31,16:30,2.13,2.13,2.13,2.13,89.00,472271,2.13
2019-07-31,16:45,2.13,2.13,2.13,2.13,187.00,472271,2.13
2019-07-31,17:00,2.13,2.13,2.13,2.13,156.00,472271,2.13
2019-07-31,17:15,2.13,2.13,2.13,2.13,102.00,472271,2.13
2019-07-31,17:30,2.13,2.13,2.13,2.13,165.00,472271,2.13
2019-07-31,17:45,2.13,2.13,2.13,2.13,116.00,472271,2.13
2019-07-31,18:00,2.13,2.13,2.13,2.13,273.00,472271,2.13
2019-07-31,18:15,2.13,2.13,2.13,2.13,108.00,472271,2.13
2019-07-31,18:30,2.13,2.13,2.13,2.13,198.00,472271,2.13
2019-07-31,18:45,2.13,2.13,2.13,2.13,200.00,472271,2.13
2019-07-31,19:00,2.13,2.14,2.13,2.14,1148.00,472271,2.14
2019-07-31,19:15,2.14,2.15,2.14,2.14,1615.00,472271,2.14
2019-07-31,19:30,2.14,2.15,2.14,2.15,991.00,472271,2.15
2019-07-31,19:45,2.15,2.15,2.15,2.15,895.00,472271,2.15
2019-07-31,20:00,2.15,2.15,2.15,2.15,1273.00,472271,2.15
2019-07-31,20:15,2.15,2.17,2.15,2.17,4392.00,472271,2.16
2019-07-31,20:30,2.17,2.19,2.17,2.17,6270.00,472271,2.18
2019-07-31,20:45,2.17,2.19,2.17,2.19,6849.00,472271,2.19
2019-07-31,21:00,2.19,2.19,2.18,2.19,6066.00,472271,2.18
2019-07-31,21:15,2.19,2.20,2.19,2.20,6773.00,472256,2.20
2019-07-31,21:30,2.20,2.22,2.19,2.22,9580.00,472256,2.20
2019-07-31,21:45,2.22,2.23,2.22,2.22,9953.00,472256,2.22
2019-07-31,22:00,2.22,2.23,2.22,2.22,5169.00,472256,2.22
2019-07-31,22:15,2.22,2.23,2.22,2.23,6295.00,472256,2.23
2019-07-31,22:30,2.23,2.24,2.22,2.23,5560.00,472256,2.23
2019-07-31,22:45,2.23,2.24,2.23,2.23,6179.00,472256,2.23
2019-07-31,23:00,2.23,2.25,2.23,2.24,9449.00,472256,2.24
2019-07-31,23:15,2.24,2.26,2.24,2.25,7238.00,472256,2.25
2019-07-31,23:30,2.25,2.26,2.25,2.26,7313.00,472256,2.26
2019-07-31,23:45,2.26,2.27,2.25,2.25,7019.00,472256,2.26
2019-08-01,00:00,2.25,2.26,2.25,2.26,10108.00,472256,2.25
2019-08-01,00:15,2.26,2.26,2.25,2.26,3368.00,472256,2.26
2019-08-01,00:30,2.26,2.26,2.25,2.26,5270.00,472256,2.26
2019-08-01,00:45,2.26,2.26,2.24,2.24,5790.00,472256,2.25
2019-08-01,01:00,2.24,2.26,2.24,2.26,5011.00,472256,2.25
2019-08-01,01:15,2.26,2.26,2.24,2.25,4703.00,472256,2.25
2019-08-01,01:30,2.24,2.25,2.24,2.24,5066.00,472256,2.24
2019-08-01,01:45,2.24,2.25,2.24,2.24,3793.00,472256,2.24
2019-08-01,02:00,2.24,2.25,2.24,2.24,5187.00,472256,2.24
2019-08-01,02:15,2.24,2.25,2.23,2.23,19737.00,472256,2.24
2019-08-01,02:30,2.23,2.24,2.23,2.24,6859.00,472256,2.24
2019-08-01,02:45,2.24,2.24,2.23,2.24,1567.00,472256,2.24
2019-08-01,03:00,2.24,2.24,2.24,2.24,1025.00,472256,2.24
2019-08-01,03:15,2.24,2.24,2.23,2.23,721.00,472256,2.24
2019-08-01,03:30,2.23,2.24,2.23,2.24,523.00,472256,2.24
2019-08-01,03:45,2.24,2.24,2.24,2.24,2371.00,472256,2.24
2019-08-01,04:00,2.24,2.25,2.24,2.24,474.00,472256,2.24
2019-08-01,04:15,2.24,2.25,2.24,2.24,234.00,472256,2.24
2019-08-01,04:30,2.24,2.25,2.24,2.24,870.00,472256,2.24
2019-08-01,04:45,2.24,2.24,2.23,2.24,568.00,472256,2.24
2019-08-01,06:00,2.24,2.24,2.23,2.23,249.00,472256,2.24
2019-08-01,06:15,2.23,2.23,2.23,2.23,26.00,472256,2.23
2019-08-01,06:30,2.23,2.24,2.23,2.24,84.00,472256,2.23
2019-08-01,06:45,2.23,2.24,2.23,2.23,64.00,472256,2.23
2019-08-01,07:00,2.23,2.23,2.23,2.23,24.00,472256,2.23
2019-08-01,07:15,2.24,2.24,2.23,2.24,163.00,472256,2.24
2019-08-01,07:30,2.24,2.24,2.23,2.24,110.00,472256,2.24
2019-08-01,07:45,2.24,2.24,2.23,2.23,94.00,472256,2.24
2019-08-01,08:00,2.23,2.23,2.23,2.23,210.00,472256,2.23
2019-08-01,08:15,2.23,2.23,2.23,2.23,115.00,472256,2.23
2019-08-01,08:30,2.23,2.23,2.23,2.23,66.00,472256,2.23
2019-08-01,08:45,2.23,2.24,2.23,2.23,160.00,472256,2.24
2019-08-01,09:00,2.24,2.24,2.23,2.23,115.00,472256,2.24
2019-08-01,09:15,2.23,2.23,2.23,2.23,63.00,472256,2.23
2019-08-01,09:30,2.23,2.23,2.23,2.23,29.00,472256,2.23
2019-08-01,09:45,2.23,2.24,2.23,2.23,48.00,472256,2.24
2019-08-01,10:00,2.23,2.24,2.23,2.23,9.00,472256,2.23
2019-08-01,10:15,2.23,2.23,2.23,2.23,41.00,461195,2.23
2019-08-01,10:30,2.23,2.24,2.23,2.23,35.00,461195,2.23
2019-08-01,10:45,2.23,2.23,2.23,2.23,13.00,461195,2.23
2019-08-01,11:00,2.23,2.23,2.23,2.23,19.00,461195,2.23
2019-08-01,11:15,2.23,2.23,2.23,2.23,84.00,461195,2.23
2019-08-01,11:30,2.23,2.23,2.23,2.23,74.00,461195,2.23
2019-08-01,11:45,2.23,2.23,2.23,2.23,155.00,461195,2.23
2019-08-01,12:00,2.23,2.23,2.23,2.23,64.00,461195,2.23
2019-08-01,12:15,2.23,2.23,2.23,2.23,58.00,461195,2.23
2019-08-01,12:30,2.23,2.23,2.23,2.23,454.00,461195,2.23
2019-08-01,12:45,2.23,2.23,2.23,2.23,103.00,461195,2.23
2019-08-01,13:00,2.23,2.23,2.23,2.23,132.00,461195,2.23
2019-08-01,13:15,2.23,2.24,2.23,2.23,89.00,461195,2.23
2019-08-01,13:30,2.24,2.24,2.23,2.23,31.00,461195,2.24
2019-08-01,13:45,2.23,2.23,2.23,2.23,37.00,461195,2.23
2019-08-01,14:00,2.23,2.23,2.23,2.23,122.00,461195,2.23
2019-08-01,14:15,2.23,2.24,2.23,2.23,70.00,461195,2.23
2019-08-01,14:30,2.23,2.24,2.23,2.24,138.00,461195,2.24
2019-08-01,14:45,2.24,2.24,2.24,2.24,187.00,461195,2.24
2019-08-01,15:00,2.24,2.24,2.24,2.24,257.00,461195,2.24
2019-08-01,15:15,2.24,2.24,2.24,2.24,382.00,461195,2.24
2019-08-01,15:30,2.24,2.24,2.24,2.24,99.00,461195,2.24
2019-08-01,15:45,2.24,2.24,2.24,2.24,83.00,461195,2.24
2019-08-01,16:00,2.24,2.24,2.24,2.24,88.00,461195,2.24
2019-08-01,16:15,2.24,2.24,2.24,2.24,97.00,461195,2.24
2019-08-01,16:30,2.24,2.24,2.24,2.24,60.00,461195,2.24
2019-08-01,16:45,2.24,2.24,2.24,2.24,81.00,461195,2.24
2019-08-01,17:00,2.24,2.24,2.24,2.24,137.00,461195,2.24
2019-08-01,17:15,2.24,2.24,2.24,2.24,162.00,461195,2.24
2019-08-01,17:30,2.24,2.24,2.24,2.24,140.00,461195,2.24
2019-08-01,17:45,2.24,2.24,2.24,2.24,78.00,461195,2.24
2019-08-01,18:00,2.24,2.24,2.24,2.24,301.00,461195,2.24
2019-08-01,18:15,2.24,2.24,2.24,2.24,146.00,461195,2.24
2019-08-01,18:30,2.24,2.24,2.24,2.24,245.00,461195,2.24
2019-08-01,18:45,2.24,2.24,2.24,2.24,190.00,461195,2.24
2019-08-01,19:00,2.24,2.25,2.23,2.24,2556.00,461195,2.24
2019-08-01,19:15,2.24,2.26,2.24,2.25,3598.00,461195,2.25
2019-08-01,19:30,2.25,2.25,2.25,2.25,1118.00,461195,2.25
2019-08-01,19:45,2.25,2.27,2.25,2.27,4294.00,461195,2.26
2019-08-01,20:00,2.27,2.30,2.26,2.29,11400.00,461195,2.28
2019-08-01,20:15,2.29,2.33,2.29,2.31,13204.00,461195,2.31
2019-08-01,20:30,2.31,2.33,2.30,2.32,13636.00,461195,2.32
2019-08-01,20:45,2.32,2.33,2.31,2.32,7958.00,461195,2.32
2019-08-01,21:00,2.32,2.32,2.28,2.30,14825.00,461195,2.30
2019-08-01,21:15,2.30,2.31,2.29,2.30,5177.00,461402,2.30
2019-08-01,21:30,2.30,2.31,2.30,2.30,6136.00,461402,2.31
2019-08-01,21:45,2.30,2.31,2.30,2.30,6015.00,461402,2.31
2019-08-01,22:00,2.30,2.31,2.30,2.31,5203.00,461402,2.30
2019-08-01,22:15,2.31,2.31,2.29,2.31,6387.00,461402,2.30
2019-08-01,22:30,2.31,2.31,2.23,2.25,26257.00,461402,2.26
2019-08-01,22:45,2.25,2.26,2.24,2.24,6960.00,461402,2.24
2019-08-01,23:00,2.24,2.26,2.23,2.26,9660.00,461402,2.24
2019-08-01,23:15,2.25,2.26,2.24,2.25,6109.00,461402,2.25
2019-08-01,23:30,2.25,2.25,2.20,2.21,11674.00,461402,2.22
2019-08-01,23:45,2.21,2.23,2.21,2.23,5406.00,461402,2.22
2019-08-02,00:00,2.23,2.23,2.21,2.22,3034.00,461402,2.22
2019-08-02,00:15,2.22,2.22,2.21,2.21,2936.00,461402,2.21
2019-08-02,00:30,2.21,2.22,2.20,2.21,3197.00,461402,2.21
2019-08-02,00:45,2.21,2.22,2.21,2.22,3018.00,461402,2.22
2019-08-02,01:00,2.22,2.22,2.20,2.21,5325.00,461402,2.21
2019-08-02,01:15,2.21,2.22,2.20,2.20,3160.00,461402,2.21
2019-08-02,01:30,2.20,2.21,2.20,2.21,3400.00,461402,2.21
2019-08-02,01:45,2.21,2.22,2.21,2.21,5036.00,461402,2.22
2019-08-02,02:00,2.21,2.22,2.21,2.21,3525.00,461402,2.21
2019-08-02,02:15,2.21,2.22,2.19,2.19,18171.00,461402,2.20
2019-08-02,02:30,2.19,2.20,2.19,2.19,3911.00,461402,2.20
2019-08-02,02:45,2.19,2.19,2.18,2.19,3403.00,461402,2.19
2019-08-02,03:00,2.19,2.19,2.18,2.19,590.00,461402,2.19
2019-08-02,03:15,2.19,2.19,2.18,2.19,841.00,461402,2.19
2019-08-02,03:30,2.19,2.19,2.18,2.18,624.00,461402,2.19
2019-08-02,03:45,2.18,2.18,2.17,2.17,2086.00,461402,2.17
2019-08-02,04:00,2.17,2.17,2.16,2.17,1395.00,461402,2.17
2019-08-02,04:15,2.17,2.17,2.17,2.17,382.00,461402,2.17
2019-08-02,04:30,2.17,2.17,2.17,2.17,593.00,461402,2.17
2019-08-02,04:45,2.17,2.17,2.17,2.17,536.00,461402,2.17
2019-08-02,06:00,2.17,2.18,2.17,2.17,279.00,461402,2.17
2019-08-02,06:15,2.18,2.18,2.17,2.17,35.00,461402,2.18
2019-08-02,06:30,2.18,2.18,2.17,2.18,54.00,461402,2.18
2019-08-02,06:45,2.18,2.18,2.18,2.18,49.00,461402,2.18
2019-08-02,07:00,2.18,2.18,2.17,2.18,86.00,461402,2.18
2019-08-02,07:15,2.18,2.18,2.17,2.17,78.00,461402,2.18
2019-08-02,07:30,2.18,2.18,2.17,2.17,130.00,461402,2.18
2019-08-02,07:45,2.17,2.17,2.17,2.17,74.00,461402,2.17
2019-08-02,08:00,2.17,2.18,2.17,2.18,113.00,461402,2.17
2019-08-02,08:15,2.18,2.18,2.17,2.18,166.00,461402,2.18
2019-08-02,08:30,2.18,2.18,2.17,2.18,173.00,461402,2.18
2019-08-02,08:45,2.18,2.18,2.18,2.18,168.00,461402,2.18
2019-08-02,09:00,2.18,2.18,2.18,2.18,112.00,461402,2.18
2019-08-02,09:15,2.18,2.18,2.18,2.18,75.00,461402,2.18
2019-08-02,09:30,2.18,2.18,2.18,2.18,124.00,461402,2.18
2019-08-02,09:45,2.18,2.18,2.18,2.18,192.00,438390,2.18
2019-08-02,10:00,2.18,2.18,2.18,2.18,124.00,438390,2.18
2019-08-02,10:15,2.18,2.18,2.18,2.18,79.00,438390,2.18
2019-08-02,10:30,2.18,2.18,2.18,2.18,72.00,438390,2.18
2019-08-02,10:45,2.18,2.18,2.18,2.18,69.00,438390,2.18
2019-08-02,11:00,2.18,2.18,2.18,2.18,98.00,438390,2.18
2019-08-02,11:15,2.18,2.18,2.18,2.18,55.00,438390,2.18
2019-08-02,11:30,2.18,2.18,2.18,2.18,348.00,438390,2.18
2019-08-02,11:45,2.18,2.18,2.18,2.18,96.00,438390,2.18
2019-08-02,12:00,2.18,2.18,2.18,2.18,37.00,438390,2.18
2019-08-02,12:15,2.18,2.18,2.18,2.18,53.00,438390,2.18
2019-08-02,12:30,2.18,2.18,2.18,2.18,175.00,438390,2.18
2019-08-02,12:45,2.18,2.18,2.18,2.18,34.00,438390,2.18
2019-08-02,13:00,2.18,2.18,2.18,2.18,151.00,438390,2.18
2019-08-02,13:15,2.18,2.18,2.18,2.18,52.00,438390,2.18
2019-08-02,13:30,2.18,2.18,2.18,2.18,53.00,438390,2.18
2019-08-02,13:45,2.18,2.18,2.18,2.18,42.00,438390,2.18
2019-08-02,14:00,2.18,2.18,2.18,2.18,168.00,438390,2.18
2019-08-02,14:15,2.18,2.18,2.18,2.18,105.00,438390,2.18
2019-08-02,14:30,2.18,2.18,2.18,2.18,125.00,438390,2.18
2019-08-02,14:45,2.18,2.18,2.18,2.18,130.00,438390,2.18
2019-08-02,15:00,2.18,2.19,2.18,2.19,332.00,438390,2.19
2019-08-02,15:15,2.19,2.19,2.19,2.19,323.00,438390,2.19
2019-08-02,15:30,2.19,2.19,2.19,2.19,232.00,438390,2.19
2019-08-02,15:45,2.19,2.20,2.19,2.20,576.00,438390,2.20
2019-08-02,16:00,2.20,2.20,2.20,2.20,227.00,438390,2.20
2019-08-02,16:15,2.20,2.20,2.19,2.19,345.00,438390,2.19
2019-08-02,16:30,2.19,2.19,2.18,2.18,290.00,438390,2.19
2019-08-02,16:45,2.18,2.18,2.18,2.18,310.00,438390,2.18
2019-08-02,17:00,2.18,2.19,2.18,2.18,305.00,438390,2.18
2019-08-02,17:15,2.19,2.19,2.18,2.19,183.00,438390,2.19
2019-08-02,17:30,2.19,2.19,2.18,2.18,226.00,438390,2.18
2019-08-02,17:45,2.18,2.18,2.18,2.18,95.00,438390,2.18
2019-08-02,18:00,2.18,2.18,2.16,2.16,1063.00,438390,2.17
2019-08-02,18:15,2.16,2.17,2.16,2.16,621.00,438390,2.17
2019-08-02,18:30,2.17,2.17,2.15,2.16,1039.00,438390,2.16
2019-08-02,18:45,2.16,2.16,2.16,2.16,278.00,438390,2.16
2019-08-02,19:00,2.16,2.16,2.15,2.15,890.00,438390,2.15
2019-08-02,19:15,2.15,2.17,2.15,2.16,929.00,438390,2.16
2019-08-02,19:30,2.16,2.17,2.16,2.17,659.00,438390,2.16
2019-08-02,19:45,2.17,2.18,2.16,2.18,1770.00,438390,2.17
2019-08-02,20:00,2.18,2.18,2.16,2.17,2318.00,438390,2.17
2019-08-02,20:15,2.17,2.17,2.14,2.15,2594.00,438390,2.16
2019-08-02,20:30,2.15,2.15,2.09,2.11,14912.00,438390,2.11
2019-08-02,20:45,2.11,2.12,2.11,2.11,6396.00,438390,2.12
2019-08-02,21:00,2.11,2.13,2.11,2.12,6677.00,438390,2.12
2019-08-02,21:15,2.12,2.12,2.11,2.12,3337.00,436144,2.12
2019-08-02,21:30,2.12,2.13,2.10,2.11,8186.00,436144,2.11
2019-08-02,21:45,2.11,2.11,2.09,2.10,8099.00,436144,2.10
2019-08-02,22:00,2.10,2.10,2.09,2.10,6330.00,436144,2.10
2019-08-02,22:15,2.10,2.10,2.09,2.09,6029.00,436144,2.09
2019-08-02,22:30,2.09,2.10,2.08,2.10,9113.00,436144,2.09
2019-08-02,22:45,2.10,2.10,2.09,2.09,4661.00,436144,2.10
2019-08-02,23:00,2.09,2.09,2.08,2.09,6935.00,436144,2.09
2019-08-02,23:15,2.09,2.10,2.09,2.09,6896.00,436144,2.09
2019-08-02,23:30,2.09,2.10,2.09,2.09,4870.00,436144,2.09
2019-08-02,23:45,2.10,2.10,2.10,2.10,3344.00,436144,2.10
2019-08-03,00:00,2.10,2.11,2.10,2.10,3112.00,436144,2.10
2019-08-03,00:15,2.10,2.11,2.10,2.10,3054.00,436144,2.11
2019-08-03,00:30,2.10,2.11,2.10,2.11,2537.00,436144,2.11
2019-08-03,00:45,2.11,2.13,2.10,2.12,5353.00,436144,2.12
2019-08-03,01:00,2.12,2.13,2.11,2.11,3831.00,436144,2.12
2019-08-03,01:15,2.11,2.12,2.10,2.11,3498.00,436144,2.11
2019-08-03,01:30,2.11,2.12,2.11,2.12,4302.00,436144,2.11
2019-08-03,01:45,2.12,2.13,2.12,2.13,5581.00,436144,2.12
2019-08-03,02:00,2.13,2.13,2.12,2.12,4838.00,436144,2.12
2019-08-03,02:15,2.12,2.12,2.11,2.12,18493.00,436144,2.12
2019-08-03,02:30,2.12,2.14,2.12,2.14,7818.00,436144,2.13
2019-08-03,02:45,2.14,2.14,2.13,2.13,833.00,436144,2.13
2019-08-03,03:00,2.13,2.13,2.13,2.13,672.00,436144,2.13
2019-08-03,03:15,2.13,2.13,2.13,2.13,695.00,436144,2.13
2019-08-03,03:30,2.13,2.14,2.13,2.13,1140.00,436144,2.13
2019-08-03,03:45,2.13,2.14,2.13,2.14,1369.00,436144,2.14
2019-08-03,04:00,2.14,2.14,2.13,2.14,442.00,436144,2.14
2019-08-03,04:15,2.14,2.14,2.14,2.14,300.00,436144,2.14
2019-08-03,04:30,2.14,2.14,2.13,2.13,369.00,436144,2.14
2019-08-03,04:45,2.13,2.14,2.13,2.14,434.00,436144,2.14
2019-08-05,06:00,2.08,2.09,2.07,2.08,2209.00,436144,2.08
2019-08-05,06:15,2.08,2.08,2.07,2.08,483.00,436144,2.08
2019-08-05,06:30,2.08,2.08,2.07,2.08,552.00,436144,2.08
2019-08-05,06:45,2.08,2.09,2.08,2.09,360.00,436144,2.08
2019-08-05,07:00,2.09,2.09,2.08,2.09,1023.00,436144,2.09
2019-08-05,07:15,2.09,2.09,2.09,2.09,133.00,436144,2.09
2019-08-05,07:30,2.09,2.09,2.09,2.09,104.00,436144,2.09
2019-08-05,07:45,2.09,2.09,2.09,2.09,88.00,436144,2.09
2019-08-05,08:00,2.09,2.09,2.08,2.09,209.00,436144,2.09
2019-08-05,08:15,2.09,2.09,2.09,2.09,137.00,436144,2.09
2019-08-05,08:30,2.09,2.09,2.09,2.09,153.00,436144,2.09
2019-08-05,08:45,2.09,2.09,2.09,2.09,53.00,436144,2.09
2019-08-05,09:00,2.09,2.10,2.09,2.10,241.00,436144,2.09
2019-08-05,09:15,2.10,2.10,2.09,2.09,113.00,436144,2.09
2019-08-05,09:30,2.09,2.09,2.09,2.09,147.00,436144,2.09
2019-08-05,09:45,2.09,2.09,2.09,2.09,215.00,436144,2.09
2019-08-05,10:00,2.09,2.09,2.09,2.09,116.00,436144,2.09
2019-08-05,10:15,2.09,2.10,2.09,2.09,39.00,436144,2.09
2019-08-05,10:30,2.10,2.10,2.09,2.09,113.00,436144,2.09
2019-08-05,10:45,2.09,2.10,2.09,2.09,285.00,436144,2.09
2019-08-05,11:00,2.09,2.09,2.09,2.09,383.00,436144,2.09
2019-08-05,11:15,2.09,2.09,2.09,2.09,57.00,436144,2.09
2019-08-05,11:30,2.09,2.10,2.09,2.10,521.00,436144,2.10
2019-08-05,11:45,2.10,2.10,2.09,2.10,139.00,436144,2.10
2019-08-05,12:00,2.10,2.10,2.09,2.09,236.00,436144,2.09
2019-08-05,12:15,2.09,2.09,2.09,2.09,91.00,436144,2.09
2019-08-05,12:30,2.09,2.10,2.09,2.10,91.00,436144,2.09
2019-08-05,12:45,2.10,2.10,2.09,2.09,226.00,436144,2.09
2019-08-05,13:00,2.09,2.09,2.09,2.09,91.00,436144,2.09
2019-08-05,13:15,2.09,2.09,2.09,2.09,88.00,436144,2.09
2019-08-05,13:30,2.09,2.09,2.09,2.09,181.00,436144,2.09
2019-08-05,13:45,2.09,2.09,2.09,2.09,101.00,436144,2.09
2019-08-05,14:00,2.09,2.09,2.09,2.09,137.00,436144,2.09
2019-08-05,14:15,2.09,2.09,2.09,2.09,120.00,436144,2.09
2019-08-05,14:30,2.09,2.09,2.09,2.09,54.00,436144,2.09
2019-08-05,14:45,2.09,2.09,2.09,2.09,91.00,436144,2.09
2019-08-05,15:00,2.09,2.09,2.09,2.09,254.00,436144,2.09
2019-08-05,15:15,2.09,2.10,2.09,2.10,75.00,436144,2.09
2019-08-05,15:30,2.09,2.10,2.09,2.09,126.00,436144,2.09
2019-08-05,15:45,2.09,2.10,2.09,2.10,59.00,436144,2.09
2019-08-05,16:00,2.10,2.10,2.09,2.10,266.00,436144,2.09
2019-08-05,16:15,2.10,2.10,2.09,2.09,361.00,436144,2.09
2019-08-05,16:30,2.09,2.10,2.09,2.10,79.00,436144,2.09
2019-08-05,16:45,2.10,2.10,2.09,2.09,116.00,436144,2.09
2019-08-05,17:00,2.09,2.10,2.09,2.10,130.00,436144,2.09
2019-08-05,17:15,2.10,2.10,2.09,2.10,371.00,436144,2.10
2019-08-05,17:30,2.10,2.10,2.09,2.09,109.00,436144,2.09
2019-08-05,17:45,2.09,2.10,2.09,2.09,105.00,436144,2.09
2019-08-05,18:00,2.09,2.10,2.09,2.09,71.00,436144,2.09
2019-08-05,18:15,2.09,2.09,2.09,2.09,304.00,436144,2.09
2019-08-05,18:30,2.09,2.09,2.09,2.09,152.00,436144,2.09
2019-08-05,18:45,2.09,2.09,2.09,2.09,125.00,436144,2.09
2019-08-05,19:00,2.09,2.09,2.08,2.08,711.00,436144,2.08
2019-08-05,19:15,2.08,2.08,2.05,2.06,2007.00,436144,2.07
2019-08-05,19:30,2.06,2.07,2.06,2.06,1518.00,436144,2.06
2019-08-05,19:45,2.06,2.06,2.05,2.05,3678.00,436144,2.05
2019-08-05,20:00,2.05,2.06,2.04,2.06,3237.00,436144,2.05
2019-08-05,20:15,2.06,2.06,2.05,2.05,2541.00,436144,2.05
2019-08-05,20:30,2.05,2.06,2.05,2.05,2499.00,436144,2.05
2019-08-05,20:45,2.05,2.05,2.04,2.05,2931.00,436144,2.05
2019-08-05,21:00,2.05,2.05,2.04,2.04,5378.00,436144,2.05
2019-08-05,21:15,2.04,2.05,2.03,2.04,8690.00,440786,2.04
2019-08-05,21:30,2.05,2.06,2.04,2.05,7147.00,440786,2.05
2019-08-05,21:45,2.05,2.05,2.04,2.05,4792.00,440786,2.05
2019-08-05,22:00,2.05,2.07,2.05,2.06,6603.00,440786,2.06
2019-08-05,22:15,2.06,2.07,2.06,2.07,4632.00,440786,2.06
2019-08-05,22:30,2.07,2.10,2.07,2.09,8436.00,440786,2.08
2019-08-05,22:45,2.09,2.11,2.09,2.09,6642.00,440786,2.10
2019-08-05,23:00,2.09,2.10,2.09,2.10,4746.00,440786,2.09
2019-08-05,23:15,2.10,2.10,2.08,2.08,5042.00,440786,2.08
2019-08-05,23:30,2.08,2.09,2.07,2.08,3938.00,440786,2.08
2019-08-05,23:45,2.08,2.08,2.07,2.07,1495.00,440786,2.07
2019-08-06,00:00,2.07,2.08,2.07,2.07,1964.00,440786,2.07
2019-08-06,00:15,2.07,2.07,2.07,2.07,1535.00,440786,2.07
2019-08-06,00:30,2.07,2.08,2.07,2.07,2996.00,440786,2.07
2019-08-06,00:45,2.07,2.07,2.06,2.06,2582.00,440786,2.06
2019-08-06,01:00,2.06,2.07,2.06,2.06,2863.00,440786,2.06
2019-08-06,01:15,2.06,2.07,2.06,2.06,2445.00,440786,2.06
2019-08-06,01:30,2.06,2.06,2.05,2.06,2890.00,440786,2.06
2019-08-06,01:45,2.06,2.06,2.05,2.05,3209.00,440786,2.06
2019-08-06,02:00,2.06,2.06,2.05,2.05,4428.00,440786,2.05
2019-08-06,02:15,2.05,2.07,2.05,2.07,17239.00,440786,2.07
2019-08-06,02:30,2.07,2.08,2.07,2.08,4804.00,440786,2.07
2019-08-06,02:45,2.08,2.08,2.08,2.08,459.00,440786,2.08
2019-08-06,03:00,2.08,2.08,2.08,2.08,644.00,440786,2.08
2019-08-06,03:15,2.08,2.08,2.08,2.08,436.00,440786,2.08
2019-08-06,03:30,2.08,2.08,2.08,2.08,460.00,440786,2.08
2019-08-06,03:45,2.08,2.08,2.07,2.08,1502.00,440786,2.08
2019-08-06,04:00,2.08,2.09,2.08,2.09,743.00,440786,2.09
2019-08-06,04:15,2.09,2.09,2.09,2.09,658.00,440786,2.09
2019-08-06,04:30,2.09,2.10,2.09,2.09,1166.00,440786,2.09
2019-08-06,04:45,2.09,2.09,2.09,2.09,333.00,440786,2.09
2019-08-06,06:00,2.09,2.09,2.08,2.08,304.00,440786,2.09
2019-08-06,06:15,2.08,2.09,2.08,2.08,87.00,440786,2.08
2019-08-06,06:30,2.08,2.08,2.08,2.08,58.00,440786,2.08
2019-08-06,06:45,2.08,2.09,2.08,2.08,43.00,440786,2.08
2019-08-06,07:00,2.08,2.09,2.08,2.09,39.00,440786,2.08
2019-08-06,07:15,2.08,2.09,2.08,2.08,49.00,440786,2.08
2019-08-06,07:30,2.08,2.08,2.08,2.08,85.00,440786,2.08
2019-08-06,07:45,2.08,2.08,2.08,2.08,160.00,440786,2.08
2019-08-06,08:00,2.08,2.08,2.08,2.08,190.00,440786,2.08
2019-08-06,08:15,2.08,2.08,2.08,2.08,36.00,440786,2.08
2019-08-06,08:30,2.08,2.09,2.08,2.09,57.00,440786,2.09
2019-08-06,08:45,2.09,2.09,2.09,2.09,244.00,440786,2.09
2019-08-06,09:00,2.09,2.10,2.09,2.09,163.00,440786,2.09
2019-08-06,09:15,2.09,2.10,2.09,2.10,125.00,440786,2.10
2019-08-06,09:30,2.10,2.10,2.09,2.10,60.00,440786,2.10
2019-08-06,09:45,2.10,2.10,2.09,2.09,180.00,440786,2.09
2019-08-06,10:00,2.09,2.09,2.09,2.09,27.00,440786,2.09
2019-08-06,10:15,2.09,2.09,2.09,2.09,52.00,440786,2.09
2019-08-06,10:30,2.09,2.09,2.09,2.09,25.00,443645,2.09
2019-08-06,10:45,2.09,2.09,2.09,2.09,66.00,443645,2.09
2019-08-06,11:00,2.09,2.09,2.09,2.09,23.00,443645,2.09
2019-08-06,11:15,2.09,2.09,2.09,2.09,31.00,443645,2.09
2019-08-06,11:30,2.09,2.09,2.09,2.09,95.00,443645,2.09
2019-08-06,11:45,2.09,2.09,2.09,2.09,47.00,443645,2.09
2019-08-06,12:00,2.09,2.10,2.09,2.09,281.00,443645,2.09
2019-08-06,12:15,2.09,2.10,2.09,2.09,89.00,443645,2.09
2019-08-06,12:30,2.09,2.09,2.09,2.09,120.00,443645,2.09
2019-08-06,12:45,2.09,2.09,2.09,2.09,83.00,443645,2.09
2019-08-06,13:00,2.09,2.09,2.09,2.09,79.00,443645,2.09
2019-08-06,13:15,2.09,2.09,2.09,2.09,41.00,443645,2.09
2019-08-06,13:30,2.09,2.09,2.09,2.09,112.00,443645,2.09
2019-08-06,13:45,2.09,2.10,2.09,2.10,199.00,443645,2.10
2019-08-06,14:00,2.10,2.10,2.09,2.09,383.00,443645,2.09
2019-08-06,14:15,2.09,2.10,2.09,2.10,229.00,443645,2.10
2019-08-06,14:30,2.09,2.10,2.09,2.09,92.00,443645,2.09
2019-08-06,14:45,2.09,2.10,2.09,2.10,107.00,443645,2.10
2019-08-06,15:00,2.09,2.10,2.09,2.10,127.00,443645,2.09
2019-08-06,15:15,2.10,2.10,2.09,2.10,247.00,443645,2.09
2019-08-06,15:30,2.10,2.10,2.09,2.09,95.00,443645,2.10
2019-08-06,15:45,2.09,2.09,2.09,2.09,107.00,443645,2.09
2019-08-06,16:00,2.09,2.10,2.09,2.09,211.00,443645,2.09
2019-08-06,16:15,2.09,2.10,2.09,2.10,149.00,443645,2.10
2019-08-06,16:30,2.10,2.10,2.10,2.10,118.00,443645,2.10
2019-08-06,16:45,2.10,2.10,2.09,2.09,119.00,443645,2.10
2019-08-06,17:00,2.09,2.10,2.09,2.09,82.00,443645,2.09
2019-08-06,17:15,2.09,2.09,2.09,2.09,179.00,443645,2.09
2019-08-06,17:30,2.09,2.09,2.08,2.08,414.00,443645,2.08
2019-08-06,17:45,2.08,2.08,2.08,2.08,108.00,443645,2.08
2019-08-06,18:00,2.08,2.08,2.07,2.08,336.00,443645,2.08
2019-08-06,18:15,2.08,2.10,2.08,2.09,549.00,443645,2.09
2019-08-06,18:30,2.09,2.12,2.09,2.11,1791.00,443645,2.11
2019-08-06,18:45,2.11,2.12,2.11,2.12,672.00,443645,2.12
2019-08-06,19:00,2.12,2.12,2.11,2.11,781.00,443645,2.11
2019-08-06,19:15,2.11,2.12,2.11,2.11,587.00,443645,2.11
2019-08-06,19:30,2.11,2.13,2.11,2.12,971.00,443645,2.12
2019-08-06,19:45,2.12,2.13,2.11,2.11,858.00,443645,2.12
2019-08-06,20:00,2.11,2.13,2.09,2.10,4780.00,443645,2.12
2019-08-06,20:15,2.10,2.11,2.09,2.11,2659.00,443645,2.10
2019-08-06,20:30,2.11,2.11,2.09,2.09,2495.00,443645,2.10
2019-08-06,20:45,2.09,2.11,2.09,2.10,3645.00,443645,2.10
2019-08-06,21:00,2.10,2.10,2.08,2.10,5352.00,443645,2.09
2019-08-06,21:15,2.10,2.11,2.10,2.10,7498.00,443645,2.10
2019-08-06,21:30,2.10,2.10,2.09,2.10,4442.00,443645,2.10
2019-08-06,21:45,2.10,2.12,2.10,2.11,6748.00,442242,2.11
2019-08-06,22:00,2.11,2.13,2.11,2.11,7267.00,442242,2.12
2019-08-06,22:15,2.11,2.12,2.11,2.11,3342.00,442242,2.11
2019-08-06,22:30,2.11,2.11,2.10,2.11,3169.00,442242,2.11
2019-08-06,22:45,2.11,2.12,2.11,2.12,4985.00,442242,2.12
2019-08-06,23:00,2.12,2.13,2.12,2.13,5229.00,442242,2.13
2019-08-06,23:15,2.13,2.13,2.11,2.12,3684.00,442242,2.12
2019-08-06,23:30,2.12,2.13,2.12,2.12,2017.00,442242,2.12
2019-08-06,23:45,2.12,2.12,2.12,2.12,2076.00,442242,2.12
2019-08-07,00:00,2.12,2.12,2.12,2.12,2650.00,442242,2.12
2019-08-07,00:15,2.12,2.13,2.12,2.12,2956.00,442242,2.12
2019-08-07,00:30,2.12,2.12,2.12,2.12,2511.00,442242,2.12
2019-08-07,00:45,2.12,2.12,2.11,2.12,2145.00,442242,2.12
2019-08-07,01:00,2.12,2.13,2.12,2.12,5629.00,442242,2.13
2019-08-07,01:15,2.12,2.12,2.12,2.12,2846.00,442242,2.12
2019-08-07,01:30,2.12,2.12,2.12,2.12,1322.00,442242,2.12
2019-08-07,01:45,2.12,2.12,2.11,2.11,2440.00,442242,2.11
2019-08-07,02:00,2.11,2.12,2.11,2.12,2866.00,442242,2.11
2019-08-07,02:15,2.12,2.12,2.11,2.11,12742.00,442242,2.11
2019-08-07,02:30,2.11,2.11,2.10,2.10,2879.00,442242,2.11
2019-08-07,02:45,2.10,2.11,2.10,2.10,1139.00,442242,2.10
2019-08-07,03:00,2.10,2.10,2.10,2.10,1075.00,442242,2.10
2019-08-07,03:15,2.10,2.10,2.09,2.10,1437.00,442242,2.10
2019-08-07,03:30,2.10,2.10,2.10,2.10,625.00,442242,2.10
2019-08-07,03:45,2.10,2.11,2.10,2.10,1536.00,442242,2.10
2019-08-07,04:00,2.10,2.11,2.10,2.11,282.00,442242,2.11
2019-08-07,04:15,2.11,2.11,2.10,2.10,306.00,442242,2.10
2019-08-07,04:30,2.10,2.11,2.10,2.10,2311.00,442242,2.10
2019-08-07,04:45,2.10,2.11,2.10,2.10,415.00,442242,2.10
2019-08-07,06:00,2.11,2.11,2.10,2.10,423.00,442242,2.10
2019-08-07,06:15,2.10,2.10,2.10,2.10,62.00,442242,2.10
2019-08-07,06:30,2.10,2.10,2.10,2.10,86.00,442242,2.10
2019-08-07,06:45,2.11,2.11,2.10,2.11,43.00,442242,2.10
2019-08-07,07:00,2.11,2.11,2.11,2.11,26.00,442242,2.11
2019-08-07,07:15,2.11,2.11,2.11,2.11,63.00,442242,2.11
2019-08-07,07:30,2.11,2.11,2.10,2.10,73.00,442242,2.11
2019-08-07,07:45,2.10,2.11,2.10,2.11,85.00,442242,2.10
2019-08-07,08:00,2.11,2.11,2.10,2.10,144.00,442242,2.10
2019-08-07,08:15,2.10,2.10,2.10,2.10,62.00,442242,2.10
2019-08-07,08:30,2.10,2.10,2.10,2.10,63.00,442242,2.10
2019-08-07,08:45,2.10,2.10,2.10,2.10,23.00,442242,2.10
2019-08-07,09:00,2.10,2.10,2.10,2.10,74.00,442242,2.10
2019-08-07,09:15,2.10,2.10,2.10,2.10,58.00,442242,2.10
2019-08-07,09:30,2.10,2.10,2.10,2.10,82.00,442242,2.10
2019-08-07,09:45,2.10,2.10,2.10,2.10,246.00,447347,2.10
2019-08-07,10:00,2.10,2.10,2.10,2.10,44.00,447347,2.10
2019-08-07,10:15,2.10,2.10,2.10,2.10,38.00,447347,2.10
2019-08-07,10:30,2.10,2.10,2.10,2.10,71.00,447347,2.10
2019-08-07,10:45,2.10,2.10,2.10,2.10,28.00,447347,2.10
2019-08-07,11:00,2.10,2.10,2.10,2.10,37.00,447347,2.10
2019-08-07,11:15,2.10,2.10,2.09,2.10,111.00,447347,2.09
2019-08-07,11:30,2.10,2.10,2.10,2.10,53.00,447347,2.10
2019-08-07,11:45,2.10,2.10,2.10,2.10,64.00,447347,2.10
2019-08-07,12:00,2.10,2.10,2.10,2.10,27.00,447347,2.10
2019-08-07,12:15,2.10,2.10,2.09,2.09,179.00,447347,2.09
2019-08-07,12:30,2.09,2.09,2.09,2.09,48.00,447347,2.09
2019-08-07,12:45,2.09,2.10,2.09,2.09,129.00,447347,2.09
2019-08-07,13:00,2.09,2.10,2.09,2.09,28.00,447347,2.09
2019-08-07,13:15,2.09,2.09,2.09,2.09,69.00,447347,2.09
2019-08-07,13:30,2.09,2.09,2.09,2.09,29.00,447347,2.09
2019-08-07,13:45,2.09,2.10,2.09,2.10,69.00,447347,2.09
2019-08-07,14:00,2.10,2.10,2.09,2.09,117.00,447347,2.10
2019-08-07,14:15,2.09,2.09,2.09,2.09,67.00,447347,2.09
2019-08-07,14:30,2.09,2.09,2.09,2.09,82.00,447347,2.09
2019-08-07,14:45,2.09,2.09,2.09,2.09,32.00,447347,2.09
2019-08-07,15:00,2.09,2.10,2.09,2.09,103.00,447347,2.09
2019-08-07,15:15,2.09,2.10,2.09,2.09,99.00,447347,2.09
2019-08-07,15:30,2.09,2.09,2.09,2.09,75.00,447347,2.09
2019-08-07,15:45,2.09,2.11,2.09,2.11,470.00,447347,2.10
2019-08-07,16:00,2.11,2.11,2.10,2.10,367.00,447347,2.10
2019-08-07,16:15,2.10,2.10,2.10,2.10,168.00,447347,2.10
2019-08-07,16:30,2.10,2.10,2.10,2.10,189.00,447347,2.10
2019-08-07,16:45,2.10,2.10,2.10,2.10,74.00,447347,2.10
2019-08-07,17:00,2.10,2.10,2.10,2.10,119.00,447347,2.10
2019-08-07,17:15,2.10,2.10,2.10,2.10,92.00,447347,2.10
2019-08-07,17:30,2.10,2.11,2.10,2.10,119.00,447347,2.10
2019-08-07,17:45,2.10,2.11,2.10,2.10,120.00,447347,2.10
2019-08-07,18:00,2.10,2.11,2.10,2.11,199.00,447347,2.10
2019-08-07,18:15,2.11,2.11,2.10,2.11,747.00,447347,2.11
2019-08-07,18:30,2.11,2.13,2.11,2.13,731.00,447347,2.12
2019-08-07,18:45,2.13,2.13,2.12,2.12,531.00,447347,2.13
2019-08-07,19:00,2.12,2.14,2.12,2.13,1384.00,447347,2.13
2019-08-07,19:15,2.13,2.14,2.13,2.14,1379.00,447347,2.14
2019-08-07,19:30,2.14,2.14,2.14,2.14,1229.00,447347,2.14
2019-08-07,19:45,2.14,2.14,2.13,2.13,789.00,447347,2.13
2019-08-07,20:00,2.13,2.14,2.13,2.14,2824.00,447347,2.13
2019-08-07,20:15,2.14,2.14,2.13,2.14,1393.00,447347,2.14
2019-08-07,20:30,2.14,2.14,2.11,2.12,3470.00,447347,2.13
2019-08-07,20:45,2.12,2.13,2.12,2.12,3375.00,447347,2.12
2019-08-07,21:00,2.12,2.12,2.11,2.12,6272.00,447347,2.12
2019-08-07,21:15,2.12,2.12,2.11,2.12,4531.00,446573,2.12
2019-08-07,21:30,2.12,2.12,2.11,2.11,3598.00,446573,2.11
2019-08-07,21:45,2.11,2.12,2.10,2.10,5432.00,446573,2.11
2019-08-07,22:00,2.10,2.13,2.10,2.12,5909.00,446573,2.12
2019-08-07,22:15,2.12,2.12,2.12,2.12,1792.00,446573,2.12
